1,6,1,no,0.025846966,0.100742424,0.037794991,0.118578859,2019-05-29_22:34:43.236079,20190529223443.00
1,5,1,yes,0.023145547,0.098893978,0.040783457,0.11938197,2019-05-29_23:15:02.842740,20190529231502.00
1,6,2,no,0.024288088,0.102225788,0.042034712,0.112464421,2019-05-30_20:54:02.010569,20190530205402.00
1,6,2,no,0.02581714,0.101070091,0.033446504,0.119732518,2019-05-30_20:54:22.898348,20190530205422.00
1,5,2,yes,0.022575056,0.098364684,0.040007097,0.103289722,2019-05-30_20:54:50.490475,20190530205450.00
1,5,2,yes,0.022563424,0.097147199,0.046315786,0.146750419,2019-05-30_20:55:05.434466,20190530205505.00
1,5,2,no,0.021862796,0.096205526,0.040256039,0.108834157,2019-05-30_22:31:10.487629,20190530223110.00
1,5,2,no,0.02181595,0.093991152,0.033415576,0.11366172,2019-05-30_22:31:23.214753,20190530223123.00
1,1,3,no,0.024360269,0.099319073,0.033244025,0.114022393,2019-06-04_15:27:22.526590,20190604152722.00
1,2,3,no,0.024370924,0.097685544,0.036980846,0.111937794,2019-06-04_15:27:51.283154,20190604152751.00
1,3,3,no,0.025452819,0.09926911,0.034682006,0.108108094,2019-06-04_15:28:13.880630,20190604152813.00
1,4,3,no,0.024706932,0.098453167,0.050606007,0.13457039,2019-06-04_15:28:31.895716,20190604152831.00
1,5,3,no,0.024067689,0.100745227,0.03875944,0.114321051,2019-06-04_15:29:06.256473,20190604152906.00
1,6,3,no,0.026364107,0.107506574,0.03857914,0.113593584,2019-06-04_15:29:29.825158,20190604152929.00
1,7,3,no,0.0272901,0.106580117,0.043649521,0.117231531,2019-06-04_15:29:45.781015,20190604152945.00
1,8,3,no,0.030162114,0.11257128,0.041890015,0.120322485,2019-06-04_15:30:07.336382,20190604153007.00
1,9,3,no,0.029821531,0.110876607,0.046510775,0.135472102,2019-06-04_15:30:32.815795,20190604153032.00
1,9,3,yes,0.029821531,0.110876607,0.046510775,0.135472102,2019-06-04_15:30:32.815795,20190604153032.00
1,10,3,no,0.030106251,0.111670249,0.043819837,0.138972244,2019-06-04_15:30:55.716462,20190604153055.00
1,1,3,yes,0.023848221,0.097006237,0.034292734,0.108444646,2019-06-04_15:32:14.457099,20190604153214.00
1,2,3,yes,0.024749816,0.098461643,0.034904414,0.105443184,2019-06-04_15:34:42.021712,20190604153442.00
1,3,3,yes,0.026380092,0.10124125,0.035403979,0.113112148,2019-06-04_15:35:02.786955,20190604153502.00
1,3,3,yes,0.026380092,0.10124125,0.035403979,0.113112148,2019-06-04_15:35:02.786955,20190604153502.00
1,4,3,yes,0.026026119,0.103514796,0.033652183,0.106584645,2019-06-04_15:35:32.871387,20190604153532.00
1,5,3,yes,0.024134724,0.098440056,0.038421896,0.125049834,2019-06-04_15:35:54.835994,20190604153554.00
1,6,3,yes,0.021886019,0.095391075,0.037188972,0.110929706,2019-06-04_15:36:15.037750,20190604153615.00
1,7,3,yes,0.025732944,0.102308059,0.037489691,0.107372005,2019-06-04_15:36:40.617039,20190604153640.00
1,8,3,yes,0.026150842,0.101300973,0.040174766,0.119924947,2019-06-04_15:39:04.060444,20190604153904.00
1,10,3,yes,0.031281552,0.115290705,0.050413386,0.14662127,2019-06-04_15:39:55.470186,20190604153955.00
1,1,1,yes,0.025890462,0.099079444,0.034535536,0.11781861,2019-06-06_20:52:12.549567,20190606205212.00
1,1,4,no,0.009135627,0.060451913,0.033438403,0.096016295,2019-06-07_20:02:42.641632,20190607200242.00
1,1,4,no,0.008048305,0.05502971,0.035317637,0.092988901,2019-06-07_20:06:44.375270,20190607200644.00
1,1,4,no,0.007674379,0.053751177,0.041996256,0.109944373,2019-06-07_20:09:14.260621,20190607200914.00
1,1,4,no,0.004827351,0.045996344,0.035477057,0.098582558,2019-06-07_20:10:44.291938,20190607201044.00
1,1,4,no,0.006555878,0.054776945,0.033014134,0.094444364,2019-06-07_20:12:04.660454,20190607201204.00
1,1,4,no,0.006251056,0.052894057,0.035743031,0.104698478,2019-06-07_20:13:40.945193,20190607201340.00
1,1,4,no,0.007610508,0.057327934,0.035578198,0.107504287,2019-06-07_20:15:02.497880,20190607201502.00
1,1,4,no,0.007224825,0.055249851,0.029673673,0.091240756,2019-06-07_20:16:24.681826,20190607201624.00
1,1,4,no,0.004548446,0.044454653,0.035538439,0.100516908,2019-06-07_20:18:19.058910,20190607201819.00
1,1,4,no,0.00779476,0.05566585,0.031159937,0.088984996,2019-06-07_20:20:15.331584,20190607202015.00
1,2,4,no,0.00456837,0.04610399,0.035812531,0.09972997,2019-06-07_20:21:37.194750,20190607202137.00
1,2,4,no,0.003109784,0.038589369,0.041220676,0.111784846,2019-06-07_20:24:18.068160,20190607202418.00
1,2,4,no,0.003530865,0.040720221,0.033001893,0.096182986,2019-06-07_20:26:08.326014,20190607202608.00
1,2,4,no,0.004360481,0.042892829,0.04080686,0.114413358,2019-06-07_20:28:59.285426,20190607202859.00
1,2,4,no,0.003877799,0.042797444,0.04101155,0.113218606,2019-06-07_20:30:50.309266,20190607203050.00
1,2,4,no,0.004213545,0.044416193,0.03660021,0.108985454,2019-06-07_20:33:23.495053,20190607203323.00
1,2,4,no,0.003938764,0.04281359,0.032371525,0.095004968,2019-06-07_20:37:31.392165,20190607203731.00
1,2,4,no,0.003655514,0.041023758,0.036386512,0.100074746,2019-06-07_20:40:33.499691,20190607204033.00
1,2,4,no,0.00372921,0.0404231,0.034227063,0.088238848,2019-06-07_20:42:26.083887,20190607204226.00
1,2,4,no,0.005692658,0.049285696,0.03158921,0.09143059,2019-06-07_20:46:17.159783,20190607204617.00
1,2,4,no,0.005616023,0.050729032,0.036416844,0.105991773,2019-06-07_21:15:14.625330,20190607211514.00
1,3,4,no,0.004889874,0.045752802,0.033684001,0.097199009,2019-06-07_21:27:41.399359,20190607212741.00
1,3,4,no,0.007054701,0.053364501,0.036966667,0.098321743,2019-06-07_21:37:13.436876,20190607213713.00
1,3,4,no,0.00775844,0.055635487,0.032415453,0.08932288,2019-06-07_21:40:31.957633,20190607214031.00
1,3,4,no,0.007632562,0.054179147,0.039817829,0.107974403,2019-06-07_21:46:57.820307,20190607214657.00
1,3,4,no,0.005396483,0.048334316,0.032522369,0.097341679,2019-06-07_22:03:00.962088,20190607220300.00
1,3,4,no,0.010267812,0.064233745,0.042287555,0.112873487,2019-06-07_22:07:28.232677,20190607220728.00
1,3,4,no,0.011140065,0.068834688,0.029482419,0.090463497,2019-06-07_22:29:00.338550,20190607222900.00
1,3,4,no,0.008986257,0.060930352,0.033706304,0.096804097,2019-06-07_22:30:54.404384,20190607223054.00
1,3,4,no,0.007393305,0.054189006,0.037203591,0.103943869,2019-06-07_22:33:56.039091,20190607223356.00
1,3,4,no,0.009500811,0.060025884,0.036684418,0.104849669,2019-06-07_22:35:44.741529,20190607223544.00
1,4,4,no,0.006017963,0.050105941,0.032839138,0.093844965,2019-06-07_22:42:17.074317,20190607224217.00
1,4,4,no,0.009478717,0.06147531,0.036399163,0.102778025,2019-06-07_22:44:01.290550,20190607224401.00
1,4,4,no,0.005712046,0.048163616,0.035964629,0.099024629,2019-06-07_22:47:30.753290,20190607224730.00
1,4,4,no,0.006894726,0.050027715,0.035508763,0.097520024,2019-06-07_22:49:19.170265,20190607224919.00
1,4,4,no,0.005755037,0.05144572,0.03059948,0.090157621,2019-06-07_22:51:11.423429,20190607225111.00
1,4,4,no,0.015898379,0.082561468,0.026557572,0.091699123,2019-06-07_22:52:59.439368,20190607225259.00
1,4,4,no,0.005322175,0.045920006,0.035998985,0.099192403,2019-06-07_22:54:57.873624,20190607225457.00
1,4,4,no,0.006105176,0.052906506,0.038040467,0.106424804,2019-06-07_22:57:18.367702,20190607225718.00
1,4,4,no,0.010323807,0.065231884,0.041299295,0.111032583,2019-06-07_22:59:24.289980,20190607225924.00
1,4,4,no,0.008306278,0.058523226,0.02984578,0.097397156,2019-06-07_23:01:15.138915,20190607230115.00
1,4,4,no,0.005068373,0.046317404,0.03322443,0.093750238,2019-06-07_23:03:04.287740,20190607230304.00
1,4,4,no,0.00551171,0.048505497,0.033245217,0.091960303,2019-06-07_23:05:02.024145,20190607230502.00
1,5,4,no,0.002684981,0.035187863,0.035400663,0.106798843,2019-06-07_23:08:23.301537,20190607230823.00
1,5,4,no,0.002611836,0.034579871,0.032259379,0.10207054,2019-06-07_23:11:05.842495,20190607231105.00
1,5,4,no,0.002956135,0.037234126,0.035303678,0.1025922,2019-06-07_23:13:02.989784,20190607231302.00
1,5,4,no,0.002279324,0.031847573,0.034799043,0.096619196,2019-06-07_23:14:40.230147,20190607231440.00
1,5,4,no,0.003505256,0.039430644,0.032280579,0.100529499,2019-06-07_23:16:18.295243,20190607231618.00
1,5,4,no,0.003404935,0.038881064,0.036600135,0.115802139,2019-06-07_23:21:49.240511,20190607232149.00
1,5,4,no,0.00233717,0.034354886,0.037785932,0.112265124,2019-06-07_23:23:37.493679,20190607232337.00
1,5,4,no,0.003634803,0.038765847,0.034125838,0.111064129,2019-06-07_23:40:15.872463,20190607234015.00
1,5,4,no,0.003055907,0.035646945,0.028702026,0.097789139,2019-06-07_23:42:07.153272,20190607234207.00
1,5,4,no,0.00302643,0.037070152,0.039693717,0.113446049,2019-06-07_23:48:14.502256,20190607234814.00
1,5,4,no,0.002682592,0.034076684,0.033042733,0.107088521,2019-06-07_23:56:49.382137,20190607235649.00
1,5,4,no,0.003061161,0.037092702,0.030708883,0.093940153,2019-06-07_23:58:21.662084,20190607235821.00
1,6,4,no,0.003962769,0.040442234,0.033134823,0.10063133,2019-06-08_00:02:36.538828,20190608000236.00
1,6,4,no,0.004013339,0.041742755,0.036857825,0.105369374,2019-06-08_00:05:40.275396,20190608000540.00
1,6,4,no,0.003896066,0.041223483,0.03803096,0.105219364,2019-06-08_00:09:57.511533,20190608000957.00
1,6,4,no,0.004643405,0.042743804,0.029689543,0.09661305,2019-06-08_00:11:56.833988,20190608001156.00
1,6,4,no,0.004404086,0.043718687,0.043208301,0.128483996,2019-06-08_00:14:09.457791,20190608001409.00
1,6,4,no,0.002702244,0.034728177,0.034606155,0.112851664,2019-06-08_00:16:14.194030,20190608001614.00
1,6,4,no,0.006106394,0.050949236,0.036865544,0.102236509,2019-06-08_00:18:43.148338,20190608001843.00
1,6,4,no,0.003294959,0.036483905,0.03131089,0.100080281,2019-06-08_00:20:56.245137,20190608002056.00
1,6,4,no,0.004022714,0.042440225,0.028095365,0.096961886,2019-06-08_00:24:15.921568,20190608002415.00
1,6,4,no,0.004510021,0.044124578,0.035614762,0.107595257,2019-06-08_00:29:47.863589,20190608002947.00
1,7,4,no,0.003057955,0.035290848,0.032983966,0.10193298,2019-06-08_00:40:53.540659,20190608004053.00
1,7,4,no,0.003098427,0.037857577,0.035977586,0.101046795,2019-06-08_00:43:01.211838,20190608004301.00
1,7,4,no,0.004438423,0.044078258,0.036906376,0.109351203,2019-06-08_00:45:08.956262,20190608004508.00
1,7,4,no,0.002846807,0.037053537,0.03021857,0.100110032,2019-06-08_00:53:23.791523,20190608005323.00
1,7,4,no,0.004380412,0.041892049,0.03537916,0.105186097,2019-06-08_00:59:01.986449,20190608005901.00
1,7,4,no,0.003090547,0.03653514,0.025657026,0.094043896,2019-06-08_01:01:02.721654,20190608010102.00
1,7,4,no,0.012229485,0.072815952,0.037591083,0.110074763,2019-06-08_01:03:47.512674,20190608010347.00
1,7,4,no,0.003913881,0.040373765,0.039390266,0.114600316,2019-06-08_01:08:56.688300,20190608010856.00
1,7,4,no,0.006529054,0.053322257,0.034166568,0.10019,2019-06-08_01:11:14.636742,20190608011114.00
1,7,4,no,0.00776155,0.055761745,0.032211218,0.093144566,2019-06-08_01:13:18.382045,20190608011318.00
1,8,4,no,0.008446602,0.060928373,0.028390594,0.09666951,2019-06-08_01:20:13.220562,20190608012013.00
1,8,4,no,0.010912474,0.067854095,0.035082031,0.10476318,2019-06-08_01:22:11.538952,20190608012211.00
1,8,4,no,0.016354126,0.080685718,0.031441201,0.100682952,2019-06-08_01:23:43.549015,20190608012343.00
1,8,4,no,0.012242996,0.068840941,0.029902593,0.098145717,2019-06-08_01:25:43.263593,20190608012543.00
1,8,4,no,0.010196485,0.065617357,0.032777954,0.093080729,2019-06-08_01:27:26.324687,20190608012726.00
1,8,4,no,0.013063789,0.07145287,0.040227864,0.118564054,2019-06-08_01:29:17.691782,20190608012917.00
1,8,4,no,0.009154751,0.062762257,0.033796038,0.104704171,2019-06-08_01:33:13.022865,20190608013313.00
1,8,4,no,0.010517176,0.067415195,0.036561761,0.103886344,2019-06-08_01:36:25.805543,20190608013625.00
1,8,4,no,0.009631261,0.064079623,0.033924554,0.101586148,2019-06-08_01:38:18.019284,20190608013818.00
1,9,4,no,0.01485126,0.078349182,0.041918848,0.127576411,2019-06-08_01:59:43.404307,20190608015943.00
1,9,4,no,0.018161256,0.083862639,0.028435566,0.089022562,2019-06-08_02:01:47.161441,20190608020147.00
1,9,4,no,0.019241536,0.087285677,0.029976888,0.098664194,2019-06-08_02:04:56.617031,20190608020456.00
1,9,4,no,0.012838909,0.07405488,0.034259714,0.098683491,2019-06-08_02:08:17.527413,20190608020817.00
1,9,4,no,0.012443981,0.068565835,0.033113722,0.092660338,2019-06-08_02:12:08.509078,20190608021208.00
1,9,4,no,0.012691664,0.070971964,0.035001313,0.09987474,2019-06-08_02:16:22.006010,20190608021622.00
1,9,4,no,0.008785566,0.062085454,0.032166362,0.100396268,2019-06-08_02:19:50.665569,20190608021950.00
1,9,4,no,0.019082433,0.089334765,0.035529956,0.10446541,2019-06-08_02:22:22.255342,20190608022222.00
1,9,4,no,0.009968242,0.06378378,0.032885626,0.106288932,2019-06-08_02:25:39.886931,20190608022539.00
1,9,4,no,0.015357807,0.075416233,0.031836387,0.09137588,2019-06-08_02:27:37.228729,20190608022737.00
1,10,4,no,0.015474795,0.077934325,0.027241176,0.101368815,2019-06-08_18:37:16.216531,20190608183716.00
1,10,4,no,0.013593993,0.074449574,0.031121095,0.108472454,2019-06-08_18:39:30.324322,20190608183930.00
1,10,4,no,0.013012239,0.07334741,0.03050247,0.111694224,2019-06-08_18:40:52.942205,20190608184052.00
1,10,4,no,0.00829751,0.059782991,0.028827906,0.092890091,2019-06-08_18:42:17.061575,20190608184217.00
1,10,4,no,0.008535226,0.059720631,0.028249294,0.092601277,2019-06-08_18:43:43.894158,20190608184343.00
1,10,4,no,0.01037912,0.065339126,0.028052103,0.100612886,2019-06-08_18:51:45.562185,20190608185145.00
1,10,4,no,0.012592636,0.073492939,0.029197557,0.097908348,2019-06-08_18:53:51.840704,20190608185351.00
1,10,4,no,0.013003007,0.073302067,0.034339957,0.104405902,2019-06-08_18:55:01.920957,20190608185501.00
1,10,4,no,0.010782331,0.066039238,0.023782115,0.098493281,2019-06-08_18:56:12.421796,20190608185612.00
1,10,4,no,0.010729151,0.068821514,0.038335215,0.111555286,2019-06-08_18:57:17.701920,20190608185717.00
1,1,4,yes,0.005009756,0.04443288,0.036138181,0.106022999,2019-06-08_19:07:00.322806,20190608190700.00
1,1,4,yes,0.008498953,0.059011472,0.041170985,0.112527974,2019-06-08_19:08:13.261533,20190608190813.00
1,1,4,yes,0.00832003,0.057908849,0.033867665,0.10861735,2019-06-08_19:09:29.572183,20190608190929.00
1,1,4,yes,0.009099011,0.060914707,0.032923348,0.095843986,2019-06-08_19:10:32.724661,20190608191032.00
1,1,4,yes,0.005279564,0.04677421,0.035287451,0.106226474,2019-06-08_19:11:39.427287,20190608191139.00
1,1,4,yes,0.007506376,0.054658351,0.038600894,0.107942154,2019-06-08_19:12:47.727662,20190608191247.00
1,1,4,yes,0.004397018,0.04510855,0.034183659,0.101289362,2019-06-08_19:13:52.118554,20190608191352.00
1,1,4,yes,0.006652062,0.052522385,0.033403981,0.093435362,2019-06-08_19:15:00.733962,20190608191500.00
1,1,4,yes,0.005252342,0.045891389,0.039806064,0.105503626,2019-06-08_19:16:12.416119,20190608191612.00
1,2,4,yes,0.004465461,0.042743974,0.028014254,0.094352633,2019-06-08_19:21:27.813864,20190608192127.00
1,2,4,yes,0.006019092,0.051713184,0.040414713,0.109755926,2019-06-08_19:23:00.569845,20190608192300.00
1,2,4,yes,0.003401467,0.039742427,0.031865764,0.102125078,2019-06-08_19:24:37.171400,20190608192437.00
1,2,4,yes,0.004694886,0.043716826,0.034173056,0.103650898,2019-06-08_19:26:15.483314,20190608192615.00
1,2,4,yes,0.003991591,0.040257156,0.036511187,0.102068402,2019-06-08_19:27:56.374567,20190608192756.00
1,2,4,yes,0.005430031,0.046222481,0.039870344,0.107789442,2019-06-08_19:29:53.336022,20190608192953.00
1,2,4,yes,0.003080687,0.037144313,0.039439858,0.098361,2019-06-08_19:31:46.632118,20190608193146.00
1,2,4,yes,0.003628958,0.041249141,0.037183259,0.108474188,2019-06-08_19:33:30.250753,20190608193330.00
1,2,4,yes,0.004190055,0.042689299,0.03558889,0.105402231,2019-06-08_19:35:07.816627,20190608193507.00
1,2,4,yes,0.007167065,0.053355612,0.037139479,0.10935653,2019-06-08_19:36:48.730456,20190608193648.00
1,3,4,yes,0.005425897,0.049674966,0.044321563,0.107974596,2019-06-08_19:42:39.694219,20190608194239.00
1,3,4,yes,0.008346619,0.054657784,0.033291444,0.087393634,2019-06-08_19:44:52.029340,20190608194452.00
1,3,4,yes,0.007864919,0.053752721,0.037707828,0.101678483,2019-06-08_19:46:33.542042,20190608194633.00
1,3,4,yes,0.004796157,0.045690856,0.034776572,0.095991105,2019-06-08_19:47:58.652015,20190608194758.00
1,3,4,yes,0.00926691,0.059852413,0.036788047,0.099143294,2019-06-08_19:49:22.916397,20190608194922.00
1,3,4,yes,0.00922411,0.058931405,0.028473137,0.093075581,2019-06-08_19:50:47.585733,20190608195047.00
1,3,4,yes,0.007364131,0.055205779,0.029571235,0.091821343,2019-06-08_19:52:10.329219,20190608195210.00
1,3,4,yes,0.007581081,0.054581853,0.031525247,0.092597298,2019-06-08_19:53:35.745554,20190608195335.00
1,3,4,yes,0.014412038,0.075337548,0.032920316,0.089244694,2019-06-08_19:55:00.618587,20190608195500.00
1,3,4,yes,0.008997622,0.061409277,0.03407434,0.094868273,2019-06-08_19:56:25.389403,20190608195625.00
1,4,4,yes,0.009043589,0.060986801,0.029539336,0.089903295,2019-06-08_20:03:20.131272,20190608200320.00
1,4,4,yes,0.006114322,0.051120588,0.037806664,0.104264192,2019-06-08_20:04:55.858462,20190608200455.00
1,4,4,yes,0.00560363,0.048451838,0.035364707,0.095600807,2019-06-08_20:06:29.312562,20190608200629.00
1,4,4,yes,0.007748036,0.053050099,0.035656705,0.100119278,2019-06-08_20:08:03.640952,20190608200803.00
1,4,4,yes,0.006473505,0.051690123,0.036637403,0.101841569,2019-06-08_20:09:40.581072,20190608200940.00
1,4,4,yes,0.006641692,0.051851475,0.03633884,0.094944149,2019-06-08_20:11:15.317384,20190608201115.00
1,4,4,yes,0.006204352,0.051622733,0.039904632,0.104518436,2019-06-08_20:12:48.499483,20190608201248.00
1,4,4,yes,0.005997995,0.048486696,0.032497846,0.09091644,2019-06-08_20:14:23.800601,20190608201423.00
1,4,4,yes,0.007297085,0.054830757,0.034718886,0.096808307,2019-06-08_20:16:01.530055,20190608201601.00
1,4,4,yes,0.009207929,0.059171491,0.03119465,0.092793077,2019-06-08_20:17:38.345685,20190608201738.00
1,5,4,yes,0.002864618,0.035984522,0.030535011,0.095628045,2019-06-08_20:24:27.725753,20190608202427.00
1,5,4,yes,0.003317855,0.038286885,0.034588788,0.10766454,2019-06-08_20:25:42.111213,20190608202542.00
1,5,4,yes,0.004220943,0.043435043,0.033128171,0.105762923,2019-06-08_20:26:58.022069,20190608202658.00
1,5,4,yes,0.002616684,0.033202853,0.034803547,0.106168009,2019-06-08_20:28:15.744630,20190608202815.00
1,5,4,yes,0.004034224,0.041280271,0.0309352,0.094691992,2019-06-08_20:29:29.704427,20190608202929.00
1,5,4,yes,0.002887234,0.036101508,0.031924274,0.098073818,2019-06-08_20:30:46.858949,20190608203046.00
1,5,4,yes,0.002847909,0.036388792,0.029903976,0.097708583,2019-06-08_20:32:04.369110,20190608203204.00
1,5,4,yes,0.003207371,0.038781159,0.036098812,0.104768008,2019-06-08_20:33:16.524598,20190608203316.00
1,5,4,yes,0.003271692,0.037987469,0.036604442,0.105893224,2019-06-08_20:34:28.475102,20190608203428.00
1,5,4,yes,0.003136813,0.037286867,0.036365088,0.10883379,2019-06-08_20:35:39.967439,20190608203539.00
1,6,4,yes,0.00516387,0.045478573,0.035074506,0.105645508,2019-06-08_20:43:23.331543,20190608204323.00
1,6,4,yes,0.002866538,0.035613285,0.03414968,0.101474807,2019-06-08_20:45:04.280534,20190608204504.00
1,6,4,yes,0.003892342,0.040927124,0.034700528,0.101645224,2019-06-08_20:46:43.510758,20190608204643.00
1,6,4,yes,0.005152121,0.046781931,0.035100881,0.113501459,2019-06-08_20:48:18.158255,20190608204818.00
1,6,4,yes,0.005127122,0.041747008,0.029252982,0.106538303,2019-06-08_20:49:52.080962,20190608204952.00
1,6,4,yes,0.003796382,0.041554178,0.030701815,0.104959768,2019-06-08_20:51:27.410424,20190608205127.00
1,6,4,yes,0.003286642,0.037088621,0.031409647,0.095155694,2019-06-08_20:53:02.092079,20190608205302.00
1,6,4,yes,0.003502956,0.04025882,0.026242288,0.08842662,2019-06-08_20:54:36.833052,20190608205436.00
1,6,4,yes,0.006205101,0.04860903,0.038504876,0.102055907,2019-06-08_20:56:11.382954,20190608205611.00
1,6,4,yes,0.003708069,0.039965083,0.035733856,0.103293508,2019-06-08_20:57:48.279488,20190608205748.00
1,7,4,yes,0.002698225,0.034768826,0.032466974,0.097685069,2019-06-08_21:02:16.638518,20190608210216.00
1,7,4,yes,0.002368075,0.033068701,0.032419325,0.097298129,2019-06-08_21:04:04.496182,20190608210404.00
1,7,4,yes,0.004729243,0.04681499,0.025395894,0.093675621,2019-06-08_21:05:48.778503,20190608210548.00
1,7,4,yes,0.004143123,0.042798359,0.032653935,0.101336233,2019-06-08_21:07:38.067643,20190608210738.00
1,7,4,yes,0.003816474,0.039882408,0.042122465,0.116220363,2019-06-08_21:09:25.398759,20190608210925.00
1,7,4,yes,0.00505202,0.045940419,0.038450412,0.1127147,2019-06-08_21:11:09.669989,20190608211109.00
1,7,4,yes,0.002889202,0.035576561,0.033933685,0.098829561,2019-06-08_21:12:54.511155,20190608211254.00
1,7,4,yes,0.004231194,0.044303411,0.032804832,0.100667864,2019-06-08_21:14:41.660513,20190608211441.00
1,7,4,yes,0.002884128,0.035207613,0.03150452,0.097960226,2019-06-08_21:16:27.790451,20190608211627.00
1,7,4,yes,0.002908512,0.037678331,0.038803898,0.111488275,2019-06-08_21:18:12.986637,20190608211812.00
1,8,4,yes,0.007538545,0.056422233,0.034390446,0.105432108,2019-06-08_21:25:32.654638,20190608212532.00
1,8,4,yes,0.010608842,0.067299655,0.039405096,0.114765741,2019-06-08_21:26:53.012987,20190608212653.00
1,8,4,yes,0.008756634,0.060039054,0.037318196,0.102298491,2019-06-08_21:28:15.431941,20190608212815.00
1,8,4,yes,0.009095021,0.063000512,0.039100517,0.109201595,2019-06-08_21:29:35.947721,20190608212935.00
1,8,4,yes,0.009902105,0.064521341,0.03064601,0.095499558,2019-06-08_21:30:57.726345,20190608213057.00
1,8,4,yes,0.01246379,0.067750286,0.034363832,0.103744671,2019-06-08_21:32:18.279235,20190608213218.00
1,8,4,yes,0.008856929,0.059612697,0.036921885,0.105205394,2019-06-08_21:33:40.842527,20190608213340.00
1,8,4,yes,0.010713031,0.065526831,0.032798149,0.106341287,2019-06-08_21:35:02.924187,20190608213502.00
1,8,4,yes,0.010122879,0.064910638,0.035476483,0.105109125,2019-06-08_21:36:18.857459,20190608213618.00
1,8,4,yes,0.012259693,0.070363303,0.03727222,0.115977136,2019-06-08_21:37:54.052828,20190608213754.00
1,9,4,yes,0.019564033,0.089117433,0.032638285,0.104234807,2019-06-08_21:45:56.905080,20190608214556.00
1,9,4,yes,0.014218537,0.074895377,0.031701483,0.102252528,2019-06-08_21:48:02.022187,20190608214802.00
1,9,4,yes,0.012906887,0.07332033,0.034372546,0.099377863,2019-06-08_21:50:05.119403,20190608215005.00
1,9,4,yes,0.01312575,0.072981227,0.030218154,0.099496476,2019-06-08_21:51:53.527577,20190608215153.00
1,9,4,yes,0.011345921,0.065593704,0.033424977,0.099344302,2019-06-08_21:53:59.406723,20190608215359.00
1,9,4,yes,0.016011736,0.078985406,0.029770674,0.093085654,2019-06-08_21:56:03.359326,20190608215603.00
1,9,4,yes,0.014473908,0.073532421,0.03697785,0.103758283,2019-06-08_21:58:24.060969,20190608215824.00
1,9,4,yes,0.012886553,0.073963203,0.038730976,0.112288317,2019-06-08_22:00:35.619733,20190608220035.00
1,9,4,yes,0.012403896,0.070360747,0.029974151,0.096277207,2019-06-08_22:02:48.342321,20190608220248.00
1,9,4,yes,0.015386144,0.082440853,0.033254687,0.101639077,2019-06-08_22:04:56.730614,20190608220456.00
1,10,4,yes,0.013782727,0.076077903,0.037087198,0.113589448,2019-06-08_22:40:52.984766,20190608224052.00
1,10,4,yes,0.014285668,0.077137337,0.030161522,0.101634644,2019-06-08_22:42:31.756760,20190608224231.00
1,10,4,yes,0.010591291,0.0665164,0.03656451,0.102268986,2019-06-08_22:44:13.856172,20190608224413.00
1,10,4,yes,0.011564467,0.070564777,0.036425889,0.119144313,2019-06-08_22:46:09.068916,20190608224609.00
1,10,4,yes,0.012533152,0.071357648,0.045087658,0.125514165,2019-06-08_22:47:57.791185,20190608224757.00
1,10,4,yes,0.010326147,0.067215742,0.026610104,0.091750175,2019-06-08_22:49:35.196572,20190608224935.00
1,10,4,yes,0.022726608,0.092044915,0.04768699,0.130611554,2019-06-08_22:51:30.499358,20190608225130.00
1,10,4,yes,0.010363553,0.064832581,0.032388389,0.097909354,2019-06-08_22:53:26.267142,20190608225326.00
1,10,4,yes,0.009768065,0.063434427,0.030298715,0.108595416,2019-06-08_22:55:22.378290,20190608225522.00
1,10,4,yes,0.014873742,0.077755229,0.035796009,0.109590704,2019-06-08_22:57:01.237726,20190608225701.00
1,1,4,yes,0.007023602,0.055137194,0.033999797,0.104214363,2019-06-10_20:39:54.693455,20190610203954.00
1,1,5,yes,0.006955613,0.053030446,0.030808063,0.088530786,2019-06-10_22:39:04.630740,20190610223904.00
1,1,5,yes,0.011534194,0.066156476,0.035576358,0.100117832,2019-06-10_22:42:48.717754,20190610224248.00
1,1,5,yes,0.011534194,0.066156476,0.035576358,0.100117832,2019-06-10_22:43:40.320634,20190610224340.00
1,1,5,yes,0.012137686,0.069830435,0.030962147,0.09735363,2019-06-10_22:44:48.305260,20190610224448.00
1,1,5,yes,0.012150391,0.066359709,0.038666829,0.108970016,2019-06-10_22:48:28.616518,20190610224828.00
1,1,5,yes,0.007627459,0.05480303,0.03383017,0.097478621,2019-06-10_22:51:14.027658,20190610225114.00
1,1,5,yes,0.007627459,0.05480303,0.03383017,0.097478621,2019-06-10_22:52:05.588576,20190610225205.00
1,1,5,yes,0.009321489,0.060212358,0.035300687,0.102661721,2019-06-10_22:52:56.655737,20190610225256.00
1,1,5,yes,0.009321489,0.060212358,0.035300687,0.102661721,2019-06-10_22:53:46.764019,20190610225346.00
1,2,5,yes,0.007663881,0.056495643,0.034287963,0.097024433,2019-06-10_22:54:38.628700,20190610225438.00
1,2,5,yes,0.00767609,0.056103004,0.038146563,0.097879127,2019-06-10_22:56:29.877261,20190610225629.00
1,3,5,yes,0.004197964,0.043377314,0.035163082,0.10170307,2019-06-10_22:56:36.412551,20190610225636.00
1,3,5,no,0.025362009,0.100898067,0.035070584,0.103337416,2019-06-10_22:56:43.488724,20190610225643.00
1,3,5,no,0.028928657,0.106919966,0.038132216,0.111904353,2019-06-10_22:56:50.442703,20190610225650.00
1,3,5,no,0.026533583,0.103003905,0.036079699,0.10200815,2019-06-10_22:56:57.244210,20190610225657.00
1,3,5,no,0.024575294,0.099771253,0.035691785,0.106978848,2019-06-10_22:57:04.177406,20190610225704.00
1,3,5,no,0.024766718,0.097288894,0.036647562,0.106455587,2019-06-10_22:57:11.475073,20190610225711.00
1,3,5,no,0.025973427,0.09834441,0.033648533,0.115524279,2019-06-10_22:57:18.469223,20190610225718.00
1,3,5,no,0.024005255,0.098357728,0.039702295,0.115043752,2019-06-10_22:57:25.517610,20190610225725.00
1,3,5,no,0.02581063,0.100433484,0.036452866,0.10318136,2019-06-10_22:57:33.129142,20190610225733.00
1,1,5,yes,0.024730585,0.09752924,0.035354489,0.098173697,2019-06-10_22:58:53.905004,20190610225853.00
1,1,5,yes,0.024589256,0.098678368,0.032457533,0.095720166,2019-06-10_22:59:00.293348,20190610225900.00
1,1,5,yes,0.024664465,0.097683629,0.034504208,0.10617154,2019-06-10_23:03:10.767620,20190610230310.00
1,1,5,yes,0.026065469,0.100428228,0.037598936,0.109540997,2019-06-10_23:03:16.527802,20190610230316.00
1,1,5,yes,0.025005515,0.098251368,0.033761684,0.103614443,2019-06-10_23:08:06.088864,20190610230806.00
1,1,5,yes,0.024348218,0.096485665,0.034468418,0.116512524,2019-06-10_23:08:12.985360,20190610230812.00
1,1,5,yes,0.026346422,0.103199566,0.040796721,0.126172026,2019-06-10_23:09:16.025872,20190610230916.00
1,1,5,yes,0.025127706,0.098113495,0.034769323,0.107291279,2019-06-10_23:09:22.495198,20190610230922.00
1,2,5,yes,0.024574652,0.096766189,0.036969621,0.107986096,2019-06-10_23:09:29.379289,20190610230929.00
1,2,5,yes,0.024244082,0.095815644,0.037761992,0.107170085,2019-06-10_23:09:37.981753,20190610230937.00
1,2,5,yes,0.025188208,0.098997344,0.037939405,0.11995687,2019-06-10_23:09:46.604672,20190610230946.00
1,3,5,yes,0.023238376,0.095702104,0.060255417,0.154023608,2019-06-10_23:09:55.128753,20190610230955.00
1,1,6,yes,0.024354109,0.096388732,0.037208702,0.108290122,2019-06-11_00:02:10.400225,20190611000210.00
1,1,6,yes,0.025258465,0.099177584,0.046778449,0.127722607,2019-06-11_00:02:22.778390,20190611000222.00
1,1,6,yes,0.025300398,0.098444438,0.033100461,0.101544413,2019-06-11_00:02:36.930132,20190611000236.00
1,2,6,yes,0.024230146,0.097365386,0.035520592,0.100162068,2019-06-11_00:02:50.834011,20190611000250.00
1,2,6,yes,0.023871756,0.098658326,0.035508772,0.10951143,2019-06-11_00:03:06.671032,20190611000306.00
1,2,6,yes,0.025178762,0.100870948,0.03604803,0.10630075,2019-06-11_00:03:23.094126,20190611000323.00
1,1,6,yes,0.02375035,0.098121727,0.041917047,0.12747324,2019-06-11_00:14:21.332397,20190611001421.00
1,1,6,yes,0.026073654,0.10088756,0.030979424,0.101244369,2019-06-11_00:14:36.253026,20190611001436.00
1,1,6,yes,0.025341774,0.101758512,0.033461442,0.108949328,2019-06-11_00:14:50.366468,20190611001450.00
1,1,6,yes,0.026575537,0.103221921,0.036141231,0.099042208,2019-06-11_00:15:53.318328,20190611001553.00
1,2,6,yes,0.024558277,0.095679269,0.039679047,0.116426385,2019-06-11_00:16:49.279568,20190611001649.00
1,2,6,yes,0.024715024,0.094875787,0.040657884,0.137831428,2019-06-11_00:16:49.279568,20190611001649.00
1,2,6,yes,0.024311976,0.096930359,0.035894343,0.115340841,2019-06-11_00:16:49.279568,20190611001649.00
1,2,6,yes,0.024827251,0.098725176,0.038023896,0.111275047,2019-06-11_00:16:49.279568,20190611001649.00
1,1,7,yes,0.024682341,0.097955486,0.039022644,0.11315379,2019-06-11_00:18:33.515112,20190611001833.00
1,1,7,yes,0.02503055,0.09890023,0.032795637,0.105444651,2019-06-11_00:18:48.503810,20190611001848.00
1,1,7,yes,0.027563683,0.103528365,0.034271011,0.107119561,2019-06-11_00:19:02.414125,20190611001902.00
1,2,7,yes,0.023372043,0.095705336,0.030699681,0.098585448,2019-06-11_00:19:16.308169,20190611001916.00
1,2,7,yes,0.024474787,0.098910984,0.03380294,0.104314923,2019-06-11_00:19:32.005339,20190611001932.00
1,2,7,yes,0.023478534,0.094798848,0.033502244,0.108176537,2019-06-11_00:19:48.771092,20190611001948.00
1,3,7,yes,0.029412901,0.108594059,0.038083386,0.113974613,2019-06-11_00:20:05.637897,20190611002005.00
1,1,8,yes,0.025606933,0.101566895,0.038419411,0.101669558,2019-06-11_00:22:41.570823,20190611002241.00
1,1,9,yes,0.007749146,0.057663606,0.038780343,0.098688073,2019-06-11_00:24:21.417541,20190611002421.00
1,1,9,yes,0.007040143,0.053898647,0.036414739,0.098665267,2019-06-11_00:26:01.776160,20190611002601.00
1,1,9,yes,0.006913283,0.052620975,0.029557256,0.088655263,2019-06-11_00:27:39.776784,20190611002739.00
1,1,9,yes,0.006825736,0.050553494,0.040077314,0.103130929,2019-06-11_00:29:24.170794,20190611002924.00
1,1,9,yes,0.005674517,0.048264276,0.034373127,0.09826269,2019-06-11_00:31:08.673989,20190611003108.00
1,1,9,yes,0.008082124,0.056530893,0.034120992,0.097183734,2019-06-11_00:32:47.234316,20190611003247.00
1,1,9,yes,0.0109802,0.064613628,0.038496874,0.100946121,2019-06-11_00:34:26.022200,20190611003426.00
1,1,9,yes,0.00705913,0.05359097,0.032711282,0.092597276,2019-06-11_00:36:10.720877,20190611003610.00
1,1,9,yes,0.008211877,0.05902233,0.037226927,0.103329182,2019-06-11_00:37:52.194509,20190611003752.00
1,1,9,yes,0.005799765,0.049519942,0.035752662,0.103874534,2019-06-11_00:39:32.742074,20190611003932.00
1,2,9,yes,0.004634422,0.044963552,0.039970457,0.109983752,2019-06-11_00:43:00.594652,20190611004300.00
1,2,9,yes,0.002738714,0.036029963,0.034641001,0.100571583,2019-06-11_00:45:16.625253,20190611004516.00
1,2,9,yes,0.004186957,0.043043768,0.040098403,0.111353964,2019-06-11_00:47:40.290795,20190611004740.00
1,2,9,yes,0.004524603,0.044873691,0.037782431,0.107944489,2019-06-11_00:49:58.211326,20190611004958.00
1,2,9,yes,0.006888607,0.052824487,0.039479908,0.111376785,2019-06-11_00:52:27.286660,20190611005227.00
1,2,9,yes,0.003349695,0.040863072,0.032948895,0.102438721,2019-06-11_00:54:47.044536,20190611005447.00
1,2,9,yes,0.004121485,0.044058543,0.03422692,0.095820971,2019-06-11_00:57:05.972677,20190611005705.00
1,2,9,yes,0.00337518,0.039995516,0.033239327,0.095238253,2019-06-11_00:59:24.197282,20190611005924.00
1,2,9,yes,0.004151579,0.043060979,0.036624935,0.098900229,2019-06-11_01:01:46.836140,20190611010146.00
1,2,9,yes,0.008154699,0.058669882,0.04103972,0.102996416,2019-06-11_01:04:08.994552,20190611010408.00
1,3,9,yes,0.006709874,0.052314913,0.034990791,0.096166521,2019-06-11_01:08:49.084689,20190611010849.00
1,3,9,yes,0.005855275,0.04877344,0.036271844,0.097499795,2019-06-11_01:11:11.156171,20190611011111.00
1,3,9,yes,0.007765976,0.056441164,0.041419853,0.10774307,2019-06-11_01:13:32.418346,20190611011332.00
1,3,9,yes,0.005645581,0.04701668,0.040364526,0.108294658,2019-06-11_01:15:49.551581,20190611011549.00
1,3,9,yes,0.008945267,0.060664862,0.037188876,0.110168077,2019-06-11_01:18:30.197859,20190611011830.00
1,3,9,yes,0.00691119,0.052605767,0.042334829,0.107193969,2019-06-11_01:20:53.414668,20190611012053.00
1,3,9,yes,0.00920614,0.05917158,0.032873366,0.095320463,2019-06-11_01:23:15.383773,20190611012315.00
1,3,9,yes,0.005355438,0.047895191,0.033341624,0.08922641,2019-06-11_01:25:41.531959,20190611012541.00
1,3,9,yes,0.009026061,0.060048581,0.032912657,0.097123057,2019-06-11_01:28:04.321672,20190611012804.00
1,3,9,yes,0.007395282,0.053937773,0.033822056,0.093839765,2019-06-11_01:30:33.797197,20190611013033.00
1,4,9,yes,0.007063923,0.05206799,0.034516897,0.102549791,2019-06-11_01:35:19.433409,20190611013519.00
1,4,9,yes,0.006286057,0.050358746,0.039206561,0.101756781,2019-06-11_01:37:42.817491,20190611013742.00
1,4,9,yes,0.008098288,0.056441067,0.034785139,0.098375644,2019-06-11_01:40:07.386516,20190611014007.00
1,4,9,yes,0.007201099,0.055378529,0.032842923,0.091788141,2019-06-11_01:42:30.724986,20190611014230.00
1,4,9,yes,0.010429126,0.06352911,0.042813636,0.113130517,2019-06-11_01:44:52.533497,20190611014452.00
1,4,9,yes,0.004707929,0.044691801,0.038304631,0.106383085,2019-06-11_01:47:16.388258,20190611014716.00
1,4,9,yes,0.009400002,0.060456859,0.035609901,0.099551804,2019-06-11_01:49:39.745837,20190611014939.00
1,4,9,yes,0.005987123,0.04968242,0.035784282,0.094031312,2019-06-11_01:52:04.701748,20190611015204.00
1,4,9,yes,0.005803253,0.047879807,0.037349258,0.095223449,2019-06-11_01:54:33.029996,20190611015433.00
1,4,9,yes,0.007165439,0.0558088,0.041084904,0.109886415,2019-06-11_01:56:57.650186,20190611015657.00
1,5,9,yes,0.002406138,0.033337366,0.033861194,0.10571707,2019-06-11_02:01:54.290050,20190611020154.00
1,5,9,yes,0.002178982,0.031385717,0.027589208,0.092423946,2019-06-11_02:03:47.172598,20190611020347.00
1,5,9,yes,0.002919505,0.036236332,0.030635465,0.103858739,2019-06-11_02:05:40.145844,20190611020540.00
1,5,9,yes,0.00209873,0.03184793,0.032082387,0.099726816,2019-06-11_02:07:32.160869,20190611020732.00
1,5,9,yes,0.00381519,0.040305268,0.033889544,0.097689046,2019-06-11_02:09:24.049358,20190611020924.00
1,5,9,yes,0.002630978,0.035753515,0.03355737,0.100426272,2019-06-11_02:11:22.250178,20190611021122.00
1,5,9,yes,0.004759437,0.044613414,0.036052559,0.110794872,2019-06-11_02:13:21.705273,20190611021321.00
1,5,9,yes,0.003067773,0.036740638,0.035948742,0.108084843,2019-06-11_02:15:14.911962,20190611021514.00
1,5,9,yes,0.003127607,0.037130447,0.034354016,0.101640992,2019-06-11_02:17:07.205059,20190611021707.00
1,5,9,yes,0.00356904,0.039185065,0.029649293,0.098432332,2019-06-11_02:19:04.557149,20190611021904.00
1,6,9,yes,0.003208541,0.0367792,0.030796289,0.099731485,2019-06-11_02:22:57.132318,20190611022257.00
1,6,9,yes,0.003979494,0.041590651,0.035716757,0.115775816,2019-06-11_02:25:24.823193,20190611022524.00
1,6,9,yes,0.003453853,0.039999663,0.03611717,0.103981607,2019-06-11_02:27:55.840688,20190611022755.00
1,6,9,yes,0.002777953,0.035447083,0.029779475,0.097478993,2019-06-11_02:30:24.741049,20190611023024.00
1,6,9,yes,0.00457872,0.043210478,0.029000068,0.101977199,2019-06-11_02:32:55.140448,20190611023255.00
1,6,9,yes,0.004276829,0.041122036,0.037192903,0.112661123,2019-06-11_02:35:25.763345,20190611023525.00
1,6,9,yes,0.006231183,0.050052402,0.025826724,0.095802568,2019-06-11_02:37:57.740967,20190611023757.00
1,6,9,yes,0.004122277,0.044117907,0.037685465,0.10959132,2019-06-11_02:40:27.011024,20190611024027.00
1,6,9,yes,0.003679771,0.040014701,0.035527388,0.104216266,2019-06-11_02:42:59.969973,20190611024259.00
1,6,9,yes,0.004849608,0.045245331,0.034189492,0.106188014,2019-06-11_02:45:28.044689,20190611024528.00
1,7,9,yes,0.005316977,0.047439573,0.031091994,0.103567168,2019-06-11_02:50:31.649106,20190611025031.00
1,7,9,yes,0.005574745,0.046703872,0.035848353,0.114340097,2019-06-11_02:53:05.896164,20190611025305.00
1,7,9,yes,0.006298366,0.051067824,0.038748454,0.116055749,2019-06-11_02:55:36.288954,20190611025536.00
1,7,9,yes,0.00337861,0.038586786,0.034712711,0.101773597,2019-06-11_02:58:26.197715,20190611025826.00
1,7,9,yes,0.003511124,0.038565232,0.038225733,0.107211307,2019-06-11_03:01:00.595863,20190611030100.00
1,7,9,yes,0.008495166,0.060597383,0.03710651,0.10869386,2019-06-11_03:03:37.605066,20190611030337.00
1,7,9,yes,0.002747184,0.034394987,0.028710132,0.104652256,2019-06-11_03:06:13.117259,20190611030613.00
1,7,9,yes,0.003641586,0.040087488,0.031819593,0.101286456,2019-06-11_03:08:50.655411,20190611030850.00
1,7,9,yes,0.003312928,0.037677684,0.036324833,0.117927382,2019-06-11_03:11:46.620696,20190611031146.00
1,7,9,yes,0.003367907,0.037693331,0.035346881,0.107504398,2019-06-11_03:14:35.930584,20190611031435.00
1,8,9,yes,0.008856811,0.06064704,0.030345039,0.092827037,2019-06-11_03:20:11.962691,20190611032011.00
1,8,9,yes,0.014028894,0.073730798,0.033086885,0.098070189,2019-06-11_03:22:13.266176,20190611032213.00
1,8,9,yes,0.008303334,0.0594648,0.038093254,0.108961232,2019-06-11_03:24:14.685478,20190611032414.00
1,8,9,yes,0.010141937,0.061996342,0.038531497,0.109494872,2019-06-11_03:26:16.987975,20190611032616.00
1,8,9,yes,0.007974489,0.059492531,0.031023087,0.104479551,2019-06-11_03:28:19.367075,20190611032819.00
1,8,9,yes,0.011891692,0.070240301,0.030526651,0.098042823,2019-06-11_03:30:22.168623,20190611033022.00
1,8,9,yes,0.011578386,0.068783943,0.027636468,0.09854725,2019-06-11_03:32:26.840429,20190611033226.00
1,8,9,yes,0.00848318,0.060936892,0.03329774,0.099468805,2019-06-11_03:34:29.734896,20190611033429.00
1,8,9,yes,0.010115653,0.066244643,0.037195638,0.103673555,2019-06-11_03:36:33.285995,20190611033633.00
1,8,9,yes,0.012746538,0.071869755,0.028683763,0.095969349,2019-06-11_03:38:58.234563,20190611033858.00
1,9,9,yes,0.013897251,0.07383906,0.038589563,0.118826836,2019-06-11_03:43:46.877722,20190611034346.00
1,9,9,yes,0.015755896,0.077623251,0.034043573,0.104922056,2019-06-11_03:46:49.985213,20190611034649.00
1,9,9,yes,0.009922831,0.064073782,0.029679863,0.089176208,2019-06-11_03:49:42.904149,20190611034942.00
1,9,9,yes,0.015484965,0.075272783,0.026799213,0.096893311,2019-06-11_03:52:35.316881,20190611035235.00
1,9,9,yes,0.01365599,0.073175791,0.029798506,0.093025573,2019-06-11_03:55:26.379720,20190611035526.00
1,9,9,yes,0.00937366,0.064904276,0.032690562,0.111310668,2019-06-11_03:58:18.954785,20190611035818.00
1,9,9,yes,0.01511567,0.07859737,0.035932377,0.107587807,2019-06-11_04:01:12.441832,20190611040112.00
1,9,9,yes,0.014105397,0.076250074,0.031609263,0.102612689,2019-06-11_04:04:06.548942,20190611040406.00
1,9,9,yes,0.014346981,0.073252293,0.026227571,0.093106516,2019-06-11_04:07:00.216119,20190611040700.00
1,9,9,yes,0.014350547,0.075873057,0.032070179,0.106045462,2019-06-11_04:09:54.665336,20190611040954.00
1,1,9,no,0.008873245,0.059152923,0.036283992,0.097133182,2019-06-11_08:00:47.635763,20190611080047.00
1,1,9,no,0.008673439,0.058529227,0.031697154,0.092440002,2019-06-11_08:03:31.086865,20190611080331.00
1,1,9,no,0.007916347,0.057981929,0.032404297,0.095096683,2019-06-11_08:06:23.119595,20190611080623.00
1,1,9,no,0.006761396,0.0501468,0.03573487,0.098348372,2019-06-11_08:09:16.566743,20190611080916.00
1,1,9,no,0.004912132,0.045052068,0.031971305,0.092040325,2019-06-11_08:12:07.159374,20190611081207.00
1,1,9,no,0.004924623,0.046063816,0.029932274,0.091084197,2019-06-11_08:14:43.438195,20190611081443.00
1,1,9,no,0.006103041,0.050644345,0.03459917,0.101969488,2019-06-11_08:17:10.013114,20190611081710.00
1,1,9,no,0.007629272,0.054552999,0.030732296,0.091875263,2019-06-11_08:19:24.382482,20190611081924.00
1,1,9,no,0.006332476,0.051575624,0.031782605,0.091113761,2019-06-11_08:21:40.980603,20190611082140.00
1,1,9,no,0.007034162,0.055327911,0.033271875,0.092794925,2019-06-11_08:24:13.986608,20190611082413.00
1,2,9,no,0.00427092,0.042422644,0.037832413,0.105365105,2019-06-11_08:29:26.812738,20190611082926.00
1,2,9,no,0.002692621,0.036437735,0.035280433,0.107829213,2019-06-11_08:33:01.783863,20190611083301.00
1,2,9,no,0.003443062,0.039927672,0.038273435,0.108477831,2019-06-11_08:36:38.039661,20190611083638.00
1,2,9,no,0.003057041,0.037184514,0.040116411,0.103582092,2019-06-11_08:40:14.814425,20190611084014.00
1,2,9,no,0.004591252,0.044007154,0.042060844,0.109926472,2019-06-11_08:43:51.737026,20190611084351.00
1,2,9,no,0.00320222,0.038611853,0.037190195,0.10173431,2019-06-11_08:47:31.274028,20190611084731.00
1,2,9,no,0.003904185,0.042548404,0.045160651,0.125027329,2019-06-11_08:51:08.547400,20190611085108.00
1,2,9,no,0.003608726,0.041156384,0.038361218,0.107270002,2019-06-11_08:54:45.646819,20190611085445.00
1,2,9,no,0.004165388,0.043783902,0.033320006,0.099029563,2019-06-11_08:58:29.624171,20190611085829.00
1,2,9,no,0.00284534,0.035849945,0.03549077,0.109788276,2019-06-11_09:02:11.497157,20190611090211.00
1,3,9,no,0.006015688,0.051713019,0.027489325,0.085100593,2019-06-11_09:09:27.469109,20190611090927.00
1,3,9,no,0.008155815,0.057751092,0.036448237,0.104868062,2019-06-11_09:13:08.024331,20190611091308.00
1,3,9,no,0.005313015,0.048963317,0.02981887,0.091566414,2019-06-11_09:16:47.798537,20190611091647.00
1,3,9,no,0.008093724,0.056620215,0.039189913,0.105807877,2019-06-11_09:20:27.993356,20190611092027.00
1,3,9,no,0.0062408,0.05190506,0.030837445,0.094994135,2019-06-11_09:24:13.877701,20190611092413.00
1,3,9,no,0.006815951,0.054355667,0.037052338,0.103257023,2019-06-11_09:27:55.948055,20190611092755.00
1,3,9,no,0.01274697,0.072758503,0.030594215,0.109272183,2019-06-11_09:31:45.835411,20190611093145.00
1,3,9,no,0.003808048,0.041718157,0.036887273,0.094877243,2019-06-11_09:35:39.382989,20190611093539.00
1,3,9,no,0.009257698,0.060692438,0.031902432,0.088112436,2019-06-11_09:39:35.477912,20190611093935.00
1,3,9,no,0.005717597,0.047361944,0.046165477,0.110466026,2019-06-11_09:43:34.963023,20190611094334.00
1,4,9,no,0.007869446,0.058493977,0.043080341,0.109432504,2019-06-11_09:51:38.395308,20190611095138.00
1,4,9,no,0.005548536,0.04921518,0.035925627,0.098932318,2019-06-11_09:55:12.576524,20190611095512.00
1,4,9,no,0.015675792,0.078073867,0.035001323,0.103878386,2019-06-11_09:59:07.298161,20190611095907.00
1,4,9,no,0.012480152,0.070039145,0.031704348,0.0950988,2019-06-11_10:02:56.262889,20190611100256.00
1,4,9,no,0.008628379,0.056726747,0.0418396,0.113673449,2019-06-11_10:06:35.112490,20190611100635.00
1,4,9,no,0.006157114,0.049591248,0.034249393,0.095225495,2019-06-11_10:10:09.336840,20190611101009.00
1,4,9,no,0.006200812,0.05063211,0.037197266,0.10619691,2019-06-11_10:13:48.370135,20190611101348.00
1,4,9,no,0.00733001,0.055247517,0.031987157,0.09289965,2019-06-11_10:17:21.438814,20190611101721.00
1,4,9,no,0.008904851,0.061781899,0.032797348,0.093352124,2019-06-11_10:20:49.226949,20190611102049.00
1,4,9,no,0.007225834,0.055554201,0.038257774,0.107679993,2019-06-11_10:24:25.663113,20190611102425.00
1,5,9,no,0.004370332,0.042159876,0.033489071,0.101595663,2019-06-11_10:31:35.395970,20190611103135.00
1,5,9,no,0.002468553,0.033968179,0.035042755,0.09745159,2019-06-11_10:34:06.836506,20190611103406.00
1,5,9,no,0.002470455,0.03578606,0.029081624,0.094943024,2019-06-11_10:36:42.420177,20190611103642.00
1,5,9,no,0.0036041,0.039754112,0.039404955,0.110209726,2019-06-11_10:39:17.902023,20190611103917.00
1,5,9,no,0.0030698,0.037085539,0.034068778,0.102507502,2019-06-11_10:41:52.383595,20190611104152.00
1,5,9,no,0.002716111,0.035423964,0.033312794,0.104027919,2019-06-11_10:44:26.468352,20190611104426.00
1,5,9,no,0.003235534,0.038844691,0.036378179,0.113695078,2019-06-11_10:47:03.650932,20190611104703.00
1,5,9,no,0.004250254,0.041974235,0.038456481,0.117780373,2019-06-11_10:49:43.608357,20190611104943.00
1,5,9,no,0.002611103,0.034600986,0.03756921,0.10476587,2019-06-11_10:52:21.307607,20190611105221.00
1,5,9,no,0.00377648,0.039860242,0.039808039,0.115031265,2019-06-11_10:54:57.984155,20190611105457.00
1,5,9,no,0.003283302,0.040440328,0.034872148,0.101260357,2019-06-11_10:57:34.314113,20190611105734.00
1,6,9,no,0.005183436,0.047517524,0.03236023,0.106738694,2019-06-11_11:00:13.614268,20190611110013.00
1,6,9,no,0.004786231,0.043598691,0.030180145,0.093931653,2019-06-11_11:03:55.308188,20190611110355.00
1,6,9,no,0.003024482,0.037539881,0.030829869,0.101723768,2019-06-11_11:07:38.670164,20190611110738.00
1,6,9,no,0.002786444,0.034725459,0.028263839,0.096307643,2019-06-11_11:11:23.429382,20190611111123.00
1,6,9,no,0.003246841,0.037100162,0.030707028,0.0972107,2019-06-11_11:15:12.933737,20190611111512.00
1,6,9,no,0.006288799,0.049326547,0.029652249,0.096224979,2019-06-11_11:18:58.781420,20190611111858.00
1,6,9,no,0.008328922,0.059252597,0.037920523,0.114903577,2019-06-11_11:22:44.803604,20190611112244.00
1,6,9,no,0.003904773,0.040630805,0.032602485,0.102385134,2019-06-11_11:26:31.088736,20190611112631.00
1,6,9,no,0.025848858,0.100311034,0.044214204,0.118763298,2019-06-11_11:30:17.949511,20190611113017.00
1,6,9,no,0.007845743,0.056444092,0.030081984,0.100894457,2019-06-11_11:34:05.412036,20190611113405.00
1,7,9,no,0.003087685,0.035593515,0.030386936,0.097198138,2019-06-11_14:31:09.592977,20190611143109.00
1,7,9,no,0.003710114,0.041921671,0.028372128,0.099465877,2019-06-11_14:32:40.410237,20190611143240.00
1,7,9,no,0.004704317,0.044014995,0.035280395,0.10543146,2019-06-11_14:34:06.232397,20190611143406.00
1,7,9,no,0.003755219,0.03885196,0.038743708,0.109214954,2019-06-11_14:35:24.939613,20190611143524.00
1,7,9,no,0.002838445,0.03656761,0.035655454,0.102797225,2019-06-11_14:36:45.139280,20190611143645.00
1,7,9,no,0.002591713,0.033668081,0.032438304,0.102271296,2019-06-11_14:38:04.012258,20190611143804.00
1,7,9,no,0.003005699,0.037027591,0.034177087,0.107465096,2019-06-11_14:39:23.497456,20190611143923.00
1,7,9,no,0.00418374,0.043792277,0.032847885,0.103648514,2019-06-11_14:40:43.306294,20190611144043.00
1,7,9,no,0.003719203,0.040840192,0.038398165,0.106080544,2019-06-11_14:42:02.810655,20190611144202.00
1,7,9,no,0.002825137,0.034080231,0.037844423,0.110618643,2019-06-11_14:43:22.043496,20190611144322.00
1,8,9,no,0.007704585,0.059102207,0.033125978,0.10060551,2019-06-11_14:46:01.245781,20190611144601.00
1,8,9,no,0.006997588,0.05362609,0.029193498,0.09275686,2019-06-11_14:47:04.840308,20190611144704.00
1,8,9,no,0.024538733,0.100299575,0.037206858,0.113085575,2019-06-11_14:48:08.092088,20190611144808.00
1,8,9,no,0.012327724,0.071444027,0.035799429,0.1044029,2019-06-11_14:49:10.033743,20190611144910.00
1,8,9,no,0.008509075,0.060517196,0.039441679,0.114148617,2019-06-11_14:50:11.515731,20190611145011.00
1,8,9,no,0.006324566,0.053193882,0.037768137,0.107434399,2019-06-11_14:51:17.194282,20190611145117.00
1,8,9,no,0.007561391,0.055659197,0.038443502,0.11293792,2019-06-11_14:52:22.480701,20190611145222.00
1,8,9,no,0.01104056,0.068610158,0.032236043,0.096803449,2019-06-11_14:53:26.426677,20190611145326.00
1,8,9,no,0.010491003,0.066345627,0.039789677,0.11763788,2019-06-11_14:54:31.339437,20190611145431.00
1,8,9,no,0.008389813,0.058154841,0.035101827,0.101269819,2019-06-11_14:55:37.272943,20190611145537.00
1,9,9,no,0.01411315,0.073820826,0.032578584,0.098485731,2019-06-11_14:57:45.772932,20190611145745.00
1,9,9,no,0.013600003,0.074105643,0.029623475,0.10253863,2019-06-11_14:59:08.058102,20190611145908.00
1,9,9,no,0.01400491,0.073671606,0.027585506,0.087239951,2019-06-11_15:00:30.354844,20190611150030.00
1,9,9,no,0.009635069,0.063207162,0.040371671,0.114676781,2019-06-11_15:01:52.573461,20190611150152.00
1,9,9,no,0.015788048,0.077212459,0.034159005,0.096514031,2019-06-11_15:03:14.090213,20190611150314.00
1,9,9,no,0.016051421,0.07866372,0.030819834,0.098498197,2019-06-11_15:04:38.446218,20190611150438.00
1,9,9,no,0.012793993,0.072973844,0.033269931,0.102825277,2019-06-11_15:06:00.959539,20190611150600.00
1,9,9,no,0.019521899,0.090053069,0.032359194,0.10018342,2019-06-11_15:07:23.382525,20190611150723.00
1,9,9,no,0.012526034,0.071442241,0.03404307,0.102905359,2019-06-11_15:08:44.942309,20190611150844.00
1,9,9,no,0.009307438,0.060217053,0.032187339,0.090568863,2019-06-11_15:10:08.807268,20190611151008.00
1,10,9,no,0.014820415,0.07755191,0.034198981,0.109710738,2019-06-11_15:12:55.725474,20190611151255.00
1,10,9,no,0.019647569,0.090030893,0.026962278,0.094936654,2019-06-11_15:14:03.546665,20190611151403.00
1,10,9,no,0.018016674,0.086777669,0.035641514,0.108830504,2019-06-11_15:15:11.363675,20190611151511.00
1,10,9,no,0.014111882,0.074218407,0.035034813,0.117436789,2019-06-11_15:16:19.096467,20190611151619.00
1,10,9,no,0.008205631,0.059753328,0.032344177,0.107403643,2019-06-11_15:17:28.027945,20190611151728.00
1,10,9,no,0.009637503,0.059828059,0.028824253,0.104363672,2019-06-11_15:18:36.263730,20190611151836.00
1,10,9,no,0.011051241,0.069459992,0.029576497,0.105734222,2019-06-11_15:19:45.904691,20190611151945.00
1,10,9,no,0.0084155,0.059495829,0.03159465,0.100014447,2019-06-11_15:20:55.770591,20190611152055.00
1,10,9,no,0.006565133,0.05324764,0.033889201,0.112557106,2019-06-11_15:22:06.030568,20190611152206.00
1,10,9,no,0.014477395,0.075991921,0.025170684,0.091318183,2019-06-11_15:23:15.871473,20190611152315.00
1,10,9,yes,0.00772787,0.057190431,0.037616469,0.101426104,2019-06-11_18:16:37.943741,20190611181637.00
1,10,9,yes,0.010516022,0.067414755,0.029316513,0.101069875,2019-06-11_18:17:43.867253,20190611181743.00
1,10,9,yes,0.014875685,0.076961711,0.027440835,0.100040264,2019-06-11_18:18:47.593579,20190611181847.00
1,10,9,yes,0.01047836,0.067300641,0.032927658,0.105732128,2019-06-11_18:19:50.094909,20190611181950.00
1,10,9,yes,0.011620216,0.070304311,0.03723304,0.112616017,2019-06-11_18:20:54.294670,20190611182054.00
1,10,9,yes,0.011615386,0.072487545,0.038337413,0.122447461,2019-06-11_18:21:56.799085,20190611182156.00
1,10,9,yes,0.012086172,0.072882135,0.039185654,0.115726687,2019-06-11_18:23:04.416172,20190611182304.00
1,10,9,yes,0.011852287,0.072686304,0.027956409,0.111575484,2019-06-11_18:24:12.820507,20190611182412.00
1,10,9,yes,0.007370372,0.056015232,0.03296404,0.105229586,2019-06-11_18:25:19.832129,20190611182519.00
1,10,9,yes,0.008452965,0.06104987,0.034004942,0.115336679,2019-06-11_18:26:25.424303,20190611182625.00
