1,1,3,no,0.024360269148785033,0.09931907322453826,0.033244024623524056,0.1140223927795887,2019-06-04_15:27:22.526590,20190604152722
1,1,4,no,0.009135626714774652,0.0604519125466284,0.03343840315937996,0.0960162952542305,2019-06-07_20:02:42.641632,20190607200242
1,1,4,no,0.008048305187472387,0.05502970987244656,0.03531763702630997,0.09298890084028244,2019-06-07_20:06:44.375270,20190607200644
1,1,4,no,0.007674378987499758,0.05375117669372182,0.04199625551700592,0.10994437336921692,2019-06-07_20:09:14.260621,20190607200914
1,1,4,no,0.004827351053245365,0.04599634371697903,0.035477057099342346,0.09858255833387375,2019-06-07_20:10:44.291938,20190607201044
1,1,4,no,0.0065558781994408686,0.054776945121978456,0.03301413357257843,0.09444436430931091,2019-06-07_20:12:04.660454,20190607201204
1,1,4,no,0.006251055904124912,0.052894057470716925,0.03574303097345612,0.10469847782091661,2019-06-07_20:13:40.945193,20190607201340
1,1,4,no,0.007610508304481444,0.057327933687912794,0.03557819839228283,0.10750428654930809,2019-06-07_20:15:02.497880,20190607201502
1,1,4,no,0.007224824632468977,0.05524985082447529,0.02967367321252823,0.09124075621366501,2019-06-07_20:16:24.681826,20190607201624
1,1,4,no,0.00454844576551726,0.04445465336504736,0.0355384387075901,0.1005169078707695,2019-06-07_20:18:19.058910,20190607201819
1,1,4,no,0.007794760059761373,0.05566585005113953,0.031159937381744385,0.08898499608039856,2019-06-07_20:20:15.331584,20190607202015
1,1,9,no,0.008873244730363552,0.05915292309303033,0.03628399223089218,0.09713318198919296,2019-06-11_08:00:47.635763,20190611080047
1,1,9,no,0.008673438613646124,0.05852922667798243,0.03169715404510498,0.09244000166654587,2019-06-11_08:03:31.086865,20190611080331
1,1,9,no,0.007916347373669084,0.05798192857519576,0.032404297116127884,0.09509668296033685,2019-06-11_08:06:23.119595,20190611080623
1,1,9,no,0.006761396281715287,0.05014679967180679,0.0357348695397377,0.09834837168455124,2019-06-11_08:09:16.566743,20190611080916
1,1,9,no,0.0049121321240243945,0.04505206793546677,0.031971304592761124,0.09204032543030652,2019-06-11_08:12:07.159374,20190611081207
1,1,9,no,0.004924623024845986,0.046063815900369696,0.02993227355182171,0.09108419716358185,2019-06-11_08:14:43.438195,20190611081443
1,1,9,no,0.006103041015663429,0.050644345071754956,0.034599170088768005,0.10196948796510696,2019-06-11_08:17:10.013114,20190611081710
1,1,9,no,0.00762927218977558,0.05455299851141478,0.030732296407222748,0.09187526255846024,2019-06-11_08:19:24.382482,20190611081924
1,1,9,no,0.006332475537630288,0.05157562445260976,0.0317826047539711,0.09111376106739044,2019-06-11_08:21:40.980603,20190611082140
1,1,9,no,0.007034161890317735,0.05532791096913187,0.033271875232458115,0.09279492497444153,2019-06-11_08:24:13.986608,20190611082413
1,2,3,no,0.024370924398106963,0.09768554401632987,0.0369808463041078,0.11193779381838712,2019-06-04_15:27:51.283154,20190604152751
1,2,4,no,0.004568370220888602,0.04610399045050144,0.03581253066658974,0.09972997009754181,2019-06-07_20:21:37.194750,20190607202137
1,2,4,no,0.0031097840260420192,0.03858936868215862,0.04122067615389824,0.11178484559059143,2019-06-07_20:24:18.068160,20190607202418
1,2,4,no,0.003530864627100527,0.04072022096891152,0.03300189260732044,0.09618298573927446,2019-06-07_20:26:08.326014,20190607202608
1,2,4,no,0.004360481323429236,0.042892828720964886,0.040806859731674194,0.11441335827112198,2019-06-07_20:28:59.285426,20190607202859
1,2,4,no,0.003877799255822442,0.04279744380006665,0.04101154953241348,0.11321860551834106,2019-06-07_20:30:50.309266,20190607203050
1,2,4,no,0.004213545468978976,0.04441619264452081,0.03660020977258682,0.10898545384407043,2019-06-07_20:33:23.495053,20190607203323
1,2,4,no,0.003938764328823278,0.042813590070918985,0.03237152472138405,0.09500496834516525,2019-06-07_20:37:31.392165,20190607203731
1,2,4,no,0.003655514223991256,0.04102375819102714,0.03638651221990585,0.10007474571466446,2019-06-07_20:40:33.499691,20190607204033
1,2,4,no,0.0037292103099293614,0.040423099853490525,0.034227063371376557,0.0882388482039625,2019-06-07_20:42:26.083887,20190607204226
1,2,4,no,0.0056926578332326914,0.04928569593711903,0.03158921003341675,0.09143058955669403,2019-06-07_20:46:17.159783,20190607204617
1,2,4,no,0.0056160231182155644,0.05072903215493026,0.03641684353351593,0.10599177330732346,2019-06-07_21:15:14.625330,20190607211514
1,2,9,no,0.004270919960139221,0.04242264365679339,0.037832412868738174,0.10536510497331619,2019-06-11_08:29:26.812738,20190611082926
1,2,9,no,0.0026926212576463032,0.036437735392859105,0.03528043255209923,0.10782921314239502,2019-06-11_08:33:01.783863,20190611083301
1,2,9,no,0.0034430623912301505,0.03992767202618875,0.03827343508601189,0.10847783088684082,2019-06-11_08:36:38.039661,20190611083638
1,2,9,no,0.003057040935872417,0.03718451379161132,0.040116410702466965,0.10358209162950516,2019-06-11_08:40:14.814425,20190611084014
1,2,9,no,0.004591251614405528,0.04400715396592492,0.042060844261537896,0.10992647165601904,2019-06-11_08:43:51.737026,20190611084351
1,2,9,no,0.003202219817199205,0.03861185322074514,0.03719019517302513,0.10173431038856506,2019-06-11_08:47:31.274028,20190611084731
1,2,9,no,0.0039041845336262333,0.04254840402618835,0.045160651206970215,0.12502732872962952,2019-06-11_08:51:08.547400,20190611085108
1,2,9,no,0.0036087259748264363,0.04115638381948596,0.03836121782660484,0.1072700023651123,2019-06-11_08:54:45.646819,20190611085445
1,2,9,no,0.004165388441546575,0.043783902239642646,0.03332000598311424,0.09902956336736679,2019-06-11_08:58:29.624171,20190611085829
1,2,9,no,0.0028453396719047112,0.035849944580542414,0.035490769892930984,0.10978827625513077,2019-06-11_09:02:11.497157,20190611090211
1,3,3,no,0.02545281899725332,0.09926910992515714,0.03468200568617745,0.10810809413140471,2019-06-04_15:28:13.880630,20190604152813
1,3,4,no,0.0048898744911543635,0.045752801804950366,0.03368400138887492,0.0971990092234178,2019-06-07_21:27:41.399359,20190607212741
1,3,4,no,0.007054700692625422,0.053364501344530205,0.03696666657924652,0.09832174330949783,2019-06-07_21:37:13.436876,20190607213713
1,3,4,no,0.007758439626348646,0.055635487268629824,0.03241545334458351,0.08932287991046906,2019-06-07_21:40:31.957633,20190607214031
1,3,4,no,0.007632561721593926,0.05417914655255644,0.03981782868504524,0.10797440260648727,2019-06-07_21:46:57.820307,20190607214657
1,3,4,no,0.00539648275773384,0.04833431645835701,0.03252236917614937,0.09734167903661728,2019-06-07_22:03:00.962088,20190607220300
1,3,4,no,0.010267812165578729,0.0642337448110706,0.04228755459189415,0.11287348717451096,2019-06-07_22:07:28.232677,20190607220728
1,3,4,no,0.011140064730946172,0.06883468816154882,0.029482418671250343,0.09046349674463272,2019-06-07_22:29:00.338550,20190607222900
1,3,4,no,0.008986256992150294,0.0609303523835383,0.03370630368590355,0.09680409729480743,2019-06-07_22:30:54.404384,20190607223054
1,3,4,no,0.007393305350438153,0.05418900586664677,0.0372035913169384,0.10394386947154999,2019-06-07_22:33:56.039091,20190607223356
1,3,4,no,0.0095008113936178,0.06002588379932077,0.03668441792780703,0.10484966906634244,2019-06-07_22:35:44.741529,20190607223544
1,3,5,no,0.025362008986504453,0.1008980669277279,0.03507058390162208,0.10333741625601595,2019-06-10_22:56:43.488724,20190610225643
1,3,5,no,0.02892865660894466,0.10691996565774868,0.038132216104052284,0.11190435324202884,2019-06-10_22:56:50.442703,20190610225650
1,3,5,no,0.02653358304431956,0.10300390510574768,0.03607969904657115,0.10200815038247542,2019-06-10_22:56:57.244210,20190610225657
1,3,5,no,0.02457529416699943,0.09977125317642563,0.03569178537211635,0.10697884823788296,2019-06-10_22:57:04.177406,20190610225704
1,3,5,no,0.024766718221240137,0.09728889382983509,0.036647562360899014,0.10645558718930591,2019-06-10_22:57:11.475073,20190610225711
1,3,5,no,0.02597342730548821,0.09834440954421696,0.03364853319627317,0.11552427946166559,2019-06-10_22:57:18.469223,20190610225718
1,3,5,no,0.02400525549034539,0.09835772755506791,0.039702295495027844,0.1150437518954277,2019-06-10_22:57:25.517610,20190610225725
1,3,5,no,0.02581063018327481,0.10043348401392761,0.03645286615937948,0.10318136012012308,2019-06-10_22:57:33.129142,20190610225733
1,3,9,no,0.0060156875780146375,0.05171301864871853,0.02748932469297539,0.08510059321468527,2019-06-11_09:09:27.469109,20190611090927
1,3,9,no,0.008155814999420393,0.05775109158926889,0.03644823655486107,0.10486806184053421,2019-06-11_09:13:08.024331,20190611091308
1,3,9,no,0.005313014932663033,0.04896331670645036,0.02981887012720108,0.09156641364097595,2019-06-11_09:16:47.798537,20190611091647
1,3,9,no,0.008093723727047052,0.05662021454619734,0.03918991271745075,0.10580787739970467,2019-06-11_09:20:27.993356,20190611092027
1,3,9,no,0.006240799679960075,0.05190506010855499,0.030837444588541985,0.09499413520097733,2019-06-11_09:24:13.877701,20190611092413
1,3,9,no,0.006815950574941541,0.05435566721778167,0.037052338434891266,0.10325702347538689,2019-06-11_09:27:55.948055,20190611092755
1,3,9,no,0.012746969757503585,0.07275850294451965,0.03059421462768858,0.10927218266508797,2019-06-11_09:31:45.835411,20190611093145
1,3,9,no,0.003808047765816905,0.04171815679261559,0.0368872731924057,0.09487724304199219,2019-06-11_09:35:39.382989,20190611093539
1,3,9,no,0.009257698012515903,0.06069243777739374,0.031902432441711426,0.08811243623495102,2019-06-11_09:39:35.477912,20190611093935
1,3,9,no,0.0057175968516323915,0.047361943694321736,0.046165477484464645,0.11046602576971054,2019-06-11_09:43:34.963023,20190611094334
1,4,3,no,0.024706931858274498,0.09845316713969958,0.050606006756424904,0.13457039032470097,2019-06-04_15:28:31.895716,20190604152831
1,4,4,no,0.0060179632108070345,0.05010594111916266,0.03283913806080818,0.09384496510028839,2019-06-07_22:42:17.074317,20190607224217
1,4,4,no,0.009478716706661018,0.06147530990603723,0.03639916330575943,0.10277802497148514,2019-06-07_22:44:01.290550,20190607224401
1,4,4,no,0.005712045959540103,0.048163615657310734,0.035964628850871865,0.0990246290510351,2019-06-07_22:47:30.753290,20190607224730
1,4,4,no,0.006894725887104869,0.05002771504223347,0.035508763045072556,0.09752002358436584,2019-06-07_22:49:19.170265,20190607224919
1,4,4,no,0.005755037233527553,0.051445720148713965,0.030599480494856834,0.09015762060880661,2019-06-07_22:51:11.423429,20190607225111
1,4,4,no,0.015898378982551788,0.08256146798008367,0.026557572185993195,0.09169912338256836,2019-06-07_22:52:59.439368,20190607225259
1,4,4,no,0.005322174759777753,0.04592000644065832,0.035998985171318054,0.09919240325689316,2019-06-07_22:54:57.873624,20190607225457
1,4,4,no,0.006105175849638487,0.05290650578313752,0.03804046728394248,0.10642480443824422,2019-06-07_22:57:18.367702,20190607225718
1,4,4,no,0.010323807043268492,0.06523188425129965,0.04129929468035698,0.11103258281946182,2019-06-07_22:59:24.289980,20190607225924
1,4,4,no,0.008306277999164242,0.058523225686267805,0.02984577976167202,0.09739715605974197,2019-06-07_23:01:15.138915,20190607230115
1,4,4,no,0.005068373035541491,0.04631740360667831,0.033224429935216904,0.0937502384185791,2019-06-07_23:03:04.287740,20190607230304
1,4,4,no,0.0055117102781016575,0.04850549719443447,0.03324521705508232,0.09196030348539352,2019-06-07_23:05:02.024145,20190607230502
1,4,9,no,0.007869446378103212,0.05849397715769316,0.04308034107089043,0.10943250358104706,2019-06-11_09:51:38.395308,20190611095138
1,4,9,no,0.005548536088807803,0.04921517995627303,0.03592562675476074,0.09893231838941574,2019-06-11_09:55:12.576524,20190611095512
1,4,9,no,0.015675791803943483,0.07807386650850898,0.035001322627067566,0.10387838631868362,2019-06-11_09:59:07.298161,20190611095907
1,4,9,no,0.012480152383642761,0.07003914464853311,0.03170434825799682,0.0950988002798774,2019-06-11_10:02:56.262889,20190611100256
1,4,9,no,0.00862837944816994,0.05672674677089641,0.041839599609375,0.11367344856262207,2019-06-11_10:06:35.112490,20190611100635
1,4,9,no,0.006157113746494839,0.04959124810993672,0.03424939293075691,0.09522549469362605,2019-06-11_10:10:09.336840,20190611101009
1,4,9,no,0.006200811896767271,0.05063211031650242,0.03719726577401161,0.10619691014289856,2019-06-11_10:13:48.370135,20190611101348
1,4,9,no,0.007330010206389584,0.055247516988923676,0.031987156718969345,0.09289965033531189,2019-06-11_10:17:21.438814,20190611101721
1,4,9,no,0.008904850679008584,0.06178189857225669,0.032797347754240036,0.09335212409496307,2019-06-11_10:20:49.226949,20190611102049
1,4,9,no,0.007225834384658619,0.05555420082650687,0.03825777396559715,0.10767999291419983,2019-06-11_10:24:25.663113,20190611102425
1,5,2,no,0.021862796005351764,0.09620552559040095,0.040256039165383714,0.10883415659720247,2019-05-30_22:31:10.487629,20190530223110
1,5,2,no,0.021815950204128104,0.09399115225594294,0.033415575765750626,0.11366172033277425,2019-05-30_22:31:23.214753,20190530223123
1,5,3,no,0.024067688911025852,0.10074522689377007,0.038759440183639526,0.11432105133479292,2019-06-04_15:29:06.256473,20190604152906
1,5,4,no,0.002684980879635795,0.0351878633526595,0.03540066257119179,0.10679884254932404,2019-06-07_23:08:23.301537,20190607230823
1,5,4,no,0.0026118364424052598,0.0345798708400444,0.03225937858223915,0.10207054018974304,2019-06-07_23:11:05.842495,20190607231105
1,5,4,no,0.0029561351102433708,0.03723412584513426,0.03530367836356163,0.10259220004081726,2019-06-07_23:13:02.989784,20190607231302
1,5,4,no,0.0022793242836518113,0.03184757252272807,0.03479904308915138,0.09661919623613358,2019-06-07_23:14:40.230147,20190607231440
1,5,4,no,0.0035052562340799915,0.03943064365732042,0.0322805792093277,0.1005294993519783,2019-06-07_23:16:18.295243,20190607231618
1,5,4,no,0.003404935031492067,0.03888106355933767,0.03660013526678085,0.11580213904380798,2019-06-07_23:21:49.240511,20190607232149
1,5,4,no,0.0023371698880126995,0.03435488596166435,0.037785932421684265,0.11226512356237932,2019-06-07_23:23:37.493679,20190607232337
1,5,4,no,0.0036348034872820505,0.038765846506545416,0.03412583842873573,0.1110641285777092,2019-06-07_23:40:15.872463,20190607234015
1,5,4,no,0.0030559073986583633,0.03564694469892665,0.02870202623307705,0.09778913855552673,2019-06-07_23:42:07.153272,20190607234207
1,5,4,no,0.0030264295410904053,0.037070152339966675,0.039693716913461685,0.11344604939222336,2019-06-07_23:48:14.502256,20190607234814
1,5,4,no,0.0026825915109121093,0.0340766841545701,0.03304273262619972,0.10708852112293243,2019-06-07_23:56:49.382137,20190607235649
1,5,4,no,0.0030611606388303795,0.03709270185545871,0.030708883465691048,0.09394015304066917,2019-06-07_23:58:21.662084,20190607235821
1,5,9,no,0.004370331809561896,0.042159875717602276,0.03348907083272934,0.10159566253423691,2019-06-11_10:31:35.395970,20190611103135
1,5,9,no,0.002468552507190524,0.03396817887888143,0.03504275530576706,0.0974515900015831,2019-06-11_10:34:06.836506,20190611103406
1,5,9,no,0.0024704545344177045,0.0357860595576073,0.029081624001264572,0.09494302421808243,2019-06-11_10:36:42.420177,20190611103642
1,5,9,no,0.0036040995441573233,0.039754111849163706,0.03940495476126671,0.11020972579717636,2019-06-11_10:39:17.902023,20190611103917
1,5,9,no,0.00306979964707831,0.03708553867120492,0.03406877815723419,0.10250750184059143,2019-06-11_10:41:52.383595,20190611104152
1,5,9,no,0.0027161106785857365,0.03542396436004262,0.03331279382109642,0.10402791947126389,2019-06-11_10:44:26.468352,20190611104426
1,5,9,no,0.0032355338874223987,0.038844690981664154,0.036378178745508194,0.11369507759809494,2019-06-11_10:47:03.650932,20190611104703
1,5,9,no,0.004250254496735962,0.04197423473784798,0.03845648095011711,0.11778037250041962,2019-06-11_10:49:43.608357,20190611104943
1,5,9,no,0.002611102927231083,0.034600985618798354,0.037569209933280945,0.1047658696770668,2019-06-11_10:52:21.307607,20190611105221
1,5,9,no,0.003776480443775654,0.03986024245815842,0.039808038622140884,0.11503126472234726,2019-06-11_10:54:57.984155,20190611105457
1,5,9,no,0.003283301582805028,0.0404403275957233,0.0348721481859684,0.10126035660505295,2019-06-11_10:57:34.314113,20190611105734
1,6,1,no,0.02584696595409983,0.10074242390692234,0.037794990951872685,0.11857885935089806,2019-05-29_22:34:43.236079,20190529223443
1,6,2,no,0.024288088034250234,0.10222578774157323,0.0420347120274197,0.1124644208360802,2019-05-30_20:54:02.010569,20190530205402
1,6,2,no,0.025817140416046113,0.1010700911283493,0.03344650414179672,0.11973251808773387,2019-05-30_20:54:22.898348,20190530205422
1,6,3,no,0.02636410704029626,0.10750657437663329,0.038579140027815643,0.11359358409588988,2019-06-04_15:29:29.825158,20190604152929
1,6,4,no,0.003962768702522704,0.04044223376794865,0.03313482281836597,0.10063132982362401,2019-06-08_00:02:36.538828,20190608000236
1,6,4,no,0.004013339452151405,0.041742755237378575,0.03685782477259636,0.10536937415599823,2019-06-08_00:05:40.275396,20190608000540
1,6,4,no,0.0038960656310480677,0.041223483120924546,0.0380309596657753,0.10521936416625977,2019-06-08_00:09:57.511533,20190608000957
1,6,4,no,0.004643404797503823,0.04274380409011715,0.029689542949199677,0.09661304950714111,2019-06-08_00:11:56.833988,20190608001156
1,6,4,no,0.0044040860706254055,0.04371868730767777,0.043208301067352295,0.12848399579524994,2019-06-08_00:14:09.457791,20190608001409
1,6,4,no,0.002702244365661356,0.034728177303546354,0.03460615500807762,0.11285166442394257,2019-06-08_00:16:14.194030,20190608001614
1,6,4,no,0.0061063937279150675,0.050949235848690336,0.03686554357409477,0.10223650932312012,2019-06-08_00:18:43.148338,20190608001843
1,6,4,no,0.003294958669300142,0.036483904601711976,0.03131088986992836,0.10008028149604797,2019-06-08_00:20:56.245137,20190608002056
1,6,4,no,0.004022714306943511,0.04244022539963848,0.028095364570617676,0.09696188569068909,2019-06-08_00:24:15.921568,20190608002415
1,6,4,no,0.0045100208298352205,0.044124577841476394,0.03561476245522499,0.10759525746107101,2019-06-08_00:29:47.863589,20190608002947
1,6,9,no,0.005183436253451203,0.04751752358126013,0.03236022964119911,0.10673869401216507,2019-06-11_11:00:13.614268,20190611110013
1,6,9,no,0.0047862310881579394,0.043598690825073345,0.03018014505505562,0.0939316526055336,2019-06-11_11:03:55.308188,20190611110355
1,6,9,no,0.00302448209473177,0.037539880722761154,0.030829869210720062,0.10172376781702042,2019-06-11_11:07:38.670164,20190611110738
1,6,9,no,0.0027864443334309676,0.03472545858668653,0.028263838961720467,0.09630764275789261,2019-06-11_11:11:23.429382,20190611111123
1,6,9,no,0.0032468410846042007,0.03710016231787832,0.03070702776312828,0.09721069986169989,2019-06-11_11:15:12.933737,20190611111512
1,6,9,no,0.006288798960955127,0.04932654731367764,0.029652249068021774,0.09622497856616974,2019-06-11_11:18:58.781420,20190611111858
1,6,9,no,0.00832892246789446,0.05925259727396463,0.037920523434877396,0.11490357667207718,2019-06-11_11:22:44.803604,20190611112244
1,6,9,no,0.003904773209145979,0.040630805355153586,0.03260248526930809,0.10238513350486755,2019-06-11_11:26:31.088736,20190611112631
1,6,9,no,0.025848858009435628,0.10031103444726844,0.04421420395374298,0.11876329779624939,2019-06-11_11:30:17.949511,20190611113017
1,6,9,no,0.007845743262748185,0.05644409217332539,0.030081983825022526,0.10089445655996149,2019-06-11_11:34:05.412036,20190611113405
1,7,3,no,0.027290100121478502,0.10658011663901179,0.043649520640346134,0.11723153056068854,2019-06-04_15:29:45.781015,20190604152945
1,7,4,no,0.0030579554934152646,0.03529084832652619,0.032983966171741486,0.10193298012018204,2019-06-08_00:40:53.540659,20190608004053
1,7,4,no,0.0030984273070077365,0.03785757690079902,0.03597758608785542,0.10104679451747374,2019-06-08_00:43:01.211838,20190608004301
1,7,4,no,0.0044384234082443935,0.04407825815050225,0.03690637648105621,0.10935120284557343,2019-06-08_00:45:08.956262,20190608004508
1,7,4,no,0.0028468066213750524,0.03705353746680837,0.030218569561839104,0.10011003166437149,2019-06-08_00:53:23.791523,20190608005323
1,7,4,no,0.004380412323792514,0.041892048755758686,0.035379160195589066,0.1051860973238945,2019-06-08_00:59:01.986449,20190608005901
1,7,4,no,0.003090547223109752,0.036535140332814894,0.02565702609717846,0.09404389560222626,2019-06-08_01:01:02.721654,20190608010102
1,7,4,no,0.012229485167680602,0.07281595160694498,0.0375910834832625,0.11007476259361614,2019-06-08_01:03:47.512674,20190608010347
1,7,4,no,0.003913881344181534,0.040373765265471054,0.03939026594161987,0.11460031569004059,2019-06-08_01:08:56.688300,20190608010856
1,7,4,no,0.006529053962348323,0.05332225717996296,0.034166567704894325,0.10019000010056929,2019-06-08_01:11:14.636742,20190608011114
1,7,4,no,0.007761549650642433,0.05576174455253701,0.032211218029260635,0.09314456582069397,2019-06-08_01:13:18.382045,20190608011318
1,7,9,no,0.003087684863835181,0.03559351498751264,0.03038693575019186,0.09719813750548796,2019-06-11_14:31:09.592977,20190611143109
1,7,9,no,0.0037101136777844086,0.041921670538814446,0.028372127562761307,0.09946587681770325,2019-06-11_14:32:40.410237,20190611143240
1,7,9,no,0.004704317414986068,0.04401499534908094,0.03528039529919624,0.1054314598441124,2019-06-11_14:34:06.232397,20190611143406
1,7,9,no,0.0037552194155164456,0.03885195976809452,0.03874370828270912,0.10921495407819748,2019-06-11_14:35:24.939613,20190611143524
1,7,9,no,0.002838444519837044,0.03656761023755136,0.03565545380115509,0.10279722511768341,2019-06-11_14:36:45.139280,20190611143645
1,7,9,no,0.0025917125406282903,0.03366808134474252,0.03243830427527428,0.10227129608392715,2019-06-11_14:38:04.012258,20190611143804
1,7,9,no,0.003005699147960465,0.037027590506170924,0.034177087247371674,0.10746509581804276,2019-06-11_14:39:23.497456,20190611143923
1,7,9,no,0.004183740238659084,0.04379227653537926,0.03284788504242897,0.10364851355552673,2019-06-11_14:40:43.306294,20190611144043
1,7,9,no,0.0037192031361260695,0.04084019178622647,0.03839816457845948,0.10608054426583377,2019-06-11_14:42:02.810655,20190611144202
1,7,9,no,0.002825136600969065,0.03408023144461607,0.037844423204660416,0.11061864346265793,2019-06-11_14:43:22.043496,20190611144322
1,8,3,no,0.03016211441718042,0.11257127995945905,0.04189001540230079,0.12032248520038345,2019-06-04_15:30:07.336382,20190604153007
1,8,4,no,0.008446601542987322,0.06092837282309407,0.028390593826770782,0.0966695100069046,2019-06-08_01:20:13.220562,20190608012013
1,8,4,no,0.010912473546341062,0.06785409479941193,0.03508203104138374,0.10476318001747131,2019-06-08_01:22:11.538952,20190608012211
1,8,4,no,0.016354126189100114,0.08068571827913586,0.03144120052456856,0.10068295150995255,2019-06-08_01:23:43.549015,20190608012343
1,8,4,no,0.012242996207389393,0.06884094129659628,0.029902592640031467,0.09814571656964043,2019-06-08_01:25:43.263593,20190608012543
1,8,4,no,0.010196485367946718,0.06561735697874897,0.03277795389294624,0.09308072924613953,2019-06-08_01:27:26.324687,20190608012726
1,8,4,no,0.013063789458063088,0.07145286969056255,0.04022786393761635,0.11856405436992645,2019-06-08_01:29:17.691782,20190608012917
1,8,4,no,0.009154751026806863,0.06276225673132821,0.0337960384786129,0.10470417141914368,2019-06-08_01:33:13.022865,20190608013313
1,8,4,no,0.01051717615490289,0.067415194527099,0.0365617610514164,0.10388634353876114,2019-06-08_01:36:25.805543,20190608013625
1,8,4,no,0.009631261244220169,0.06407962270865315,0.03392455354332924,0.10158614814281464,2019-06-08_01:38:18.019284,20190608013818
1,8,4,no,0.01015093759143431,0.06504790265309184,0.03199698708274148,0.09646322104063901,,
1,8,9,no,0.007704584513741889,0.0591022073438293,0.03312597796320915,0.10060551017522812,2019-06-11_14:46:01.245781,20190611144601
1,8,9,no,0.0069975884533242175,0.053626090209735064,0.029193498194217682,0.09275685995817184,2019-06-11_14:47:04.840308,20190611144704
1,8,9,no,0.024538732800436648,0.10029957517981529,0.03720685839653015,0.11308557540178299,2019-06-11_14:48:08.092088,20190611144808
1,8,9,no,0.01232772386191707,0.0714440274003305,0.035799428820610046,0.10440289974212646,2019-06-11_14:49:10.033743,20190611144910
1,8,9,no,0.008509075472523508,0.0605171957298329,0.039441678673028946,0.11414861679077148,2019-06-11_14:50:11.515731,20190611145011
1,8,9,no,0.006324565773339648,0.05319388167638528,0.03776813670992851,0.10743439942598343,2019-06-11_14:51:17.194282,20190611145117
1,8,9,no,0.007561391447425673,0.05565919670227327,0.03844350203871727,0.11293791979551315,2019-06-11_14:52:22.480701,20190611145222
1,8,9,no,0.011040560469815606,0.06861015834698551,0.032236043363809586,0.0968034490942955,2019-06-11_14:53:26.426677,20190611145326
1,8,9,no,0.010491002909839153,0.06634562676282306,0.039789676666259766,0.11763788014650345,2019-06-11_14:54:31.339437,20190611145431
1,8,9,no,0.008389813249538603,0.05815484068895641,0.03510182723402977,0.10126981884241104,2019-06-11_14:55:37.272943,20190611145537
1,9,3,no,0.029821530903542514,0.11087660707141224,0.04651077515022321,0.13547210226004774,2019-06-04_15:30:32.815795,20190604153032
1,9,4,no,0.014851260253865468,0.07834918173520189,0.04191884770989418,0.12757641077041626,2019-06-08_01:59:43.404307,20190608015943
1,9,4,no,0.018161256243719868,0.08386263917935521,0.028435565531253815,0.08902256190776825,2019-06-08_02:01:47.161441,20190608020147
1,9,4,no,0.019241535800852274,0.0872856770298983,0.02997688762843609,0.09866419434547424,2019-06-08_02:04:56.617031,20190608020456
1,9,4,no,0.012838909338767591,0.07405487981281783,0.03425971350886605,0.09868349134922028,2019-06-08_02:08:17.527413,20190608020817
1,9,4,no,0.012443980589312943,0.06856583466655329,0.03311372175812721,0.0926603376865387,2019-06-08_02:12:08.509078,20190608021208
1,9,4,no,0.01269166447026165,0.0709719638683294,0.03500131280584769,0.0998747402971441,2019-06-08_02:16:22.006010,20190608021622
1,9,4,no,0.008785566219471788,0.06208545365615895,0.032166361808776855,0.10039626806974411,2019-06-08_02:19:50.665569,20190608021950
1,9,4,no,0.019082432980404088,0.0893347645668607,0.035529956221580505,0.10446541011333466,2019-06-08_02:22:22.255342,20190608022222
1,9,4,no,0.009968241733057718,0.06378378038735766,0.03288562595844269,0.10628893226385117,2019-06-08_02:25:39.886931,20190608022539
1,9,4,no,0.015357806957571914,0.07541623250826408,0.031836386770009995,0.09137587994337082,2019-06-08_02:27:37.228729,20190608022737
1,9,9,no,0.014113150424274959,0.07382082617596576,0.03257858380675316,0.09848573058843613,2019-06-11_14:57:45.772932,20190611145745
1,9,9,no,0.013600003189946476,0.07410564328494824,0.029623474925756454,0.10253863036632538,2019-06-11_14:59:08.058102,20190611145908
1,9,9,no,0.014004910090251973,0.07367160579091624,0.027585506439208984,0.08723995089530945,2019-06-11_15:00:30.354844,20190611150030
1,9,9,no,0.00963506852766793,0.06320716199514113,0.040371671319007874,0.11467678099870682,2019-06-11_15:01:52.573461,20190611150152
1,9,9,no,0.015788048476372895,0.07721245904502115,0.03415900468826294,0.096514031291008,2019-06-11_15:03:14.090213,20190611150314
1,9,9,no,0.01605142059883005,0.07866371968074849,0.03081983361731876,0.0984981967644258,2019-06-11_15:04:38.446218,20190611150438
1,9,9,no,0.012793992969550584,0.07297384382078523,0.03326993063092232,0.10282527655363083,2019-06-11_15:06:00.959539,20190611150600
1,9,9,no,0.01952189891354034,0.09005306861118266,0.03235919401049614,0.10018341988325119,2019-06-11_15:07:23.382525,20190611150723
1,9,9,no,0.012526034291735605,0.07144224094717126,0.034043069928884506,0.10290535878051411,2019-06-11_15:08:44.942309,20190611150844
1,9,9,no,0.009307437620468829,0.060217053403979856,0.032187338918447495,0.09056886285543442,2019-06-11_15:10:08.807268,20190611151008
1,10,3,no,0.03010625087067877,0.11167024860256597,0.043819836510176007,0.13897224380211395,2019-06-04_15:30:55.716462,20190604153055
1,10,4,no,0.015474794868771968,0.07793432493743144,0.027241175994277,0.10136881470680237,2019-06-08_18:37:16.216531,20190608183716
1,10,4,no,0.013593993318806353,0.07444957428072628,0.03112109513445334,0.10847245427695187,2019-06-08_18:39:30.324322,20190608183930
1,10,4,no,0.01301223889581467,0.07334741012830483,0.030502470210194588,0.11169422417879105,2019-06-08_18:40:52.942205,20190608184052
1,10,4,no,0.008297510121605898,0.05978299063679419,0.028827905654907227,0.09289009124040604,2019-06-08_18:42:17.061575,20190608184217
1,10,4,no,0.008535226098702926,0.059720631414338164,0.028249293565750122,0.09260127693414688,2019-06-08_18:43:43.894158,20190608184343
1,10,4,no,0.010379120202637033,0.06533912639868887,0.028052102774381638,0.10061288625001907,2019-06-08_18:51:45.562185,20190608185145
1,10,4,no,0.012592635845373335,0.07349293894673649,0.029197556897997856,0.09790834784507751,2019-06-08_18:53:51.840704,20190608185351
1,10,4,no,0.013003006695132506,0.07330206691434508,0.03433995693922043,0.10440590232610703,2019-06-08_18:55:01.920957,20190608185501
1,10,4,no,0.010782331250313866,0.0660392377721636,0.023782114752314308,0.09849328073588284,2019-06-08_18:56:12.421796,20190608185612
1,10,4,no,0.010729150868658173,0.06882151371162189,0.03833521530032158,0.11155528575181961,2019-06-08_18:57:17.701920,20190608185717
1,10,9,no,0.014820415036458718,0.07755191032039492,0.034198980778455734,0.10971073806285858,2019-06-11_15:12:55.725474,20190611151255
1,10,9,no,0.019647568949547254,0.09003089293837548,0.02696227841079235,0.09493665397167206,2019-06-11_15:14:03.546665,20190611151403
1,10,9,no,0.018016673531383275,0.08677766930900122,0.035641513764858246,0.10883050411939621,2019-06-11_15:15:11.363675,20190611151511
1,10,9,no,0.014111881556087419,0.07421840727329254,0.03503481298685074,0.11743678897619247,2019-06-11_15:16:19.096467,20190611151619
1,10,9,no,0.008205631105719428,0.05975332760105007,0.03234417736530304,0.10740364342927933,2019-06-11_15:17:28.027945,20190611151728
1,10,9,no,0.00963750292890166,0.05982805863022804,0.028824253007769585,0.10436367243528366,2019-06-11_15:18:36.263730,20190611151836
1,10,9,no,0.011051240636918105,0.06945999150997714,0.0295764971524477,0.10573422163724899,2019-06-11_15:19:45.904691,20190611151945
1,10,9,no,0.008415500197167459,0.05949582884970464,0.03159465031190352,0.10001444681124254,2019-06-11_15:20:55.770591,20190611152055
1,10,9,no,0.006565132550895214,0.05324764028191566,0.033889200538396835,0.11255710572004318,2019-06-11_15:22:06.030568,20190611152206
1,10,9,no,0.01447739513149779,0.07599192136212399,0.02517068386077881,0.09131818264722824,2019-06-11_15:23:15.871473,20190611152315
1,1,3,yes,0.023848221300316875,0.09700623703630347,0.034292733635414734,0.10844464633952487,2019-06-04_15:32:14.457099,20190604153214
1,1,1,yes,0.025890461806403964,0.09907944441625946,0.034535536119206386,0.11781860955736854,2019-06-06_20:52:12.549567,20190606205212
1,1,4,yes,0.005009756454168574,0.044432880219660305,0.036138180643320084,0.10602299869060516,2019-06-08_19:07:00.322806,20190608190700
1,1,4,yes,0.008498952503463155,0.05901147227146124,0.041170984506607056,0.11252797394990921,2019-06-08_19:08:13.261533,20190608190813
1,1,4,yes,0.008320029533321135,0.05790884947698367,0.03386766463518143,0.10861735045909882,2019-06-08_19:09:29.572183,20190608190929
1,1,4,yes,0.009099011066810865,0.060914706772095276,0.03292334824800491,0.09584398567676544,2019-06-08_19:10:32.724661,20190608191032
1,1,4,yes,0.005279563519319421,0.04677420991816019,0.03528745099902153,0.10622647404670715,2019-06-08_19:11:39.427287,20190608191139
1,1,4,yes,0.007506375659355208,0.05465835066218125,0.03860089386051351,0.10794215446168726,2019-06-08_19:12:47.727662,20190608191247
1,1,4,yes,0.004397017737899564,0.0451085497870257,0.03418365865945816,0.10128936171531677,2019-06-08_19:13:52.118554,20190608191352
1,1,4,yes,0.0066520618152265485,0.05252238463022207,0.03340398147702217,0.0934353619813919,2019-06-08_19:15:00.733962,20190608191500
1,1,4,yes,0.005252342305979447,0.04589138917232814,0.0398060642182827,0.1055036261677742,2019-06-08_19:16:12.416119,20190608191612
1,1,4,yes,0.007023602032935933,0.055137193791176146,0.03399979695677757,0.10421436280012131,2019-06-10_20:39:54.693455,20190610203954
1,1,5,yes,0.006955613007180785,0.053030445681590786,0.030808063223958015,0.08853078633546829,2019-06-10_22:39:04.630740,20190610223904
1,1,5,yes,0.011534194481608116,0.06615647616747179,0.03557635843753815,0.10011783242225647,2019-06-10_22:42:48.717754,20190610224248
1,1,5,yes,0.011534194481608116,0.06615647616747179,0.03557635843753815,0.10011783242225647,2019-06-10_22:43:40.320634,20190610224340
1,1,5,yes,0.012137686076426976,0.06983043496545992,0.030962146818637848,0.09735362976789474,2019-06-10_22:44:48.305260,20190610224448
1,1,5,yes,0.012150390955962632,0.06635970896796177,0.03866682946681976,0.10897001624107361,2019-06-10_22:48:28.616518,20190610224828
1,1,5,yes,0.007627459051773736,0.054803030467347094,0.03383016958832741,0.09747862070798874,2019-06-10_22:51:14.027658,20190610225114
1,1,5,yes,0.007627459051773736,0.054803030467347094,0.03383016958832741,0.09747862070798874,2019-06-10_22:52:05.588576,20190610225205
1,1,5,yes,0.00932148859934195,0.060212358244155585,0.035300686955451965,0.10266172140836716,2019-06-10_22:52:56.655737,20190610225256
1,1,5,yes,0.00932148859934195,0.060212358244155585,0.035300686955451965,0.10266172140836716,2019-06-10_22:53:46.764019,20190610225346
1,1,5,yes,0.024730584706718985,0.09752923965846237,0.035354488994926214,0.09817369739440354,2019-06-10_22:58:53.905004,20190610225853
1,1,5,yes,0.02458925568498671,0.09867836789865243,0.032457533038475296,0.09572016583247618,2019-06-10_22:59:00.293348,20190610225900
1,1,5,yes,0.024664464639499784,0.09768362872694668,0.03450420786711303,0.10617154023864052,2019-06-10_23:03:10.767620,20190610230310
1,1,5,yes,0.026065468702367263,0.10042822792341835,0.037598935844884676,0.10954099707305431,2019-06-10_23:03:16.527802,20190610230316
1,1,5,yes,0.02500551543198526,0.0982513681642319,0.03376168376681479,0.10361444340510802,2019-06-10_23:08:06.088864,20190610230806
1,1,5,yes,0.0243482175834575,0.09648566467589453,0.034468417606231844,0.11651252413337881,2019-06-10_23:08:12.985360,20190610230812
1,1,5,yes,0.026346422204943865,0.10319956627331282,0.04079672088846564,0.12617202644998377,2019-06-10_23:09:16.025872,20190610230916
1,1,5,yes,0.025127705848334653,0.09811349497421791,0.03476932310414585,0.10729127851399509,2019-06-10_23:09:22.495198,20190610230922
1,1,6,yes,0.024354108707293085,0.09638873164198901,0.0372087023305622,0.10829012231393294,2019-06-11_00:02:10.400225,20190611000210
1,1,6,yes,0.02525846486126906,0.09917758365995005,0.046778449450026856,0.12772260741754013,2019-06-11_00:02:22.778390,20190611000222
1,1,6,yes,0.02530039754990292,0.09844443770615678,0.033100460677153686,0.10154441303827545,2019-06-11_00:02:36.930132,20190611000236
1,1,6,yes,0.023750350467468564,0.09812172688543797,0.04191704737869176,0.1274732402102514,2019-06-11_00:14:21.332397,20190611001421
1,1,6,yes,0.026073653643068514,0.10088756043267877,0.03097942357205532,0.10124436867508022,2019-06-11_00:14:36.253026,20190611001436
1,1,6,yes,0.025341773724281473,0.10175851232519276,0.033461441518738866,0.10894932834939523,2019-06-11_00:14:50.366468,20190611001450
1,1,6,yes,0.02657553701857595,0.10322192066202038,0.03614123064008626,0.09904220767996529,2019-06-11_00:15:53.318328,20190611001553
1,1,7,yes,0.024682341192505862,0.09795548590390306,0.03902264438908209,0.11315379037775776,2019-06-11_00:18:33.515112,20190611001833
1,1,7,yes,0.025030550130299832,0.09890022991519225,0.0327956374226646,0.105444651435722,2019-06-11_00:18:48.503810,20190611001848
1,1,7,yes,0.027563682806334998,0.10352836470854909,0.034271011213687336,0.10711956091902473,2019-06-11_00:19:02.414125,20190611001902
1,1,8,yes,0.02560693286604395,0.10156689496024658,0.03841941128484905,0.10166955773125995,2019-06-11_00:22:41.570823,20190611002241
1,1,9,yes,0.007749145642217053,0.05766360565627876,0.038780342787504196,0.09868807345628738,2019-06-11_00:24:21.417541,20190611002421
1,1,9,yes,0.007040142696840983,0.053898647153063826,0.0364147387444973,0.0986652672290802,2019-06-11_00:26:01.776160,20190611002601
1,1,9,yes,0.006913282712431331,0.05262097516342213,0.029557256028056145,0.0886552631855011,2019-06-11_00:27:39.776784,20190611002739
1,1,9,yes,0.006825735998388968,0.05055349367229562,0.04007731378078461,0.10313092917203903,2019-06-11_00:29:24.170794,20190611002924
1,1,9,yes,0.005674517034602008,0.048264276020621,0.03437312692403793,0.09826269000768661,2019-06-11_00:31:08.673989,20190611003108
1,1,9,yes,0.008082123828659716,0.05653089318228395,0.034120991826057434,0.09718373417854309,2019-06-11_00:32:47.234316,20190611003247
1,1,9,yes,0.010980199596011325,0.06461362799531535,0.038496874272823334,0.10094612091779709,2019-06-11_00:34:26.022200,20190611003426
1,1,9,yes,0.007059129749081637,0.05359096989819878,0.03271128237247467,0.09259727597236633,2019-06-11_00:36:10.720877,20190611003610
1,1,9,yes,0.008211877206830602,0.059022329924137966,0.037226926535367966,0.10332918167114258,2019-06-11_00:37:52.194509,20190611003752
1,1,9,yes,0.005799764921692641,0.04951994174013012,0.035752661526203156,0.10387453436851501,2019-06-11_00:39:32.742074,20190611003932
1,2,3,yes,0.024749816138003217,0.09846164295940023,0.03490441447039219,0.10544318384067579,2019-06-04_15:34:42.021712,20190604153442
1,2,4,yes,0.0044654608630624254,0.0427439741006023,0.028014253824949265,0.09435263276100159,2019-06-08_19:21:27.813864,20190608192127
1,2,4,yes,0.006019091865930118,0.05171318371829234,0.0404147133231163,0.10975592583417892,2019-06-08_19:23:00.569845,20190608192300
1,2,4,yes,0.003401467329087226,0.03974242745653579,0.031865764409303665,0.10212507843971252,2019-06-08_19:24:37.171400,20190608192437
1,2,4,yes,0.0046948864333037485,0.043716826270285405,0.03417305648326874,0.10365089774131775,2019-06-08_19:26:15.483314,20190608192615
1,2,4,yes,0.003991591370370435,0.04025715612071125,0.03651118651032448,0.10206840187311172,2019-06-08_19:27:56.374567,20190608192756
1,2,4,yes,0.00543003080437254,0.04622248117076723,0.03987034410238266,0.10778944194316864,2019-06-08_19:29:53.336022,20190608192953
1,2,4,yes,0.0030806870236502666,0.03714431304680674,0.039439858022061264,0.09836100041866302,2019-06-08_19:31:46.632118,20190608193146
1,2,4,yes,0.003628957547296427,0.041249140548078635,0.037183258682489395,0.10847418755292892,2019-06-08_19:33:30.250753,20190608193330
1,2,4,yes,0.004190055204947528,0.04268929942658073,0.03558889031410217,0.10540223121643066,2019-06-08_19:35:07.816627,20190608193507
1,2,4,yes,0.007167064658317126,0.05335561162547061,0.03713947907090187,0.10935653001070023,2019-06-08_19:36:48.730456,20190608193648
1,2,5,yes,0.007663880788574094,0.05649564323064528,0.034287963062524796,0.09702443331480026,2019-06-10_22:54:38.628700,20190610225438
1,2,5,yes,0.007676089981472806,0.0561030035348315,0.03814656287431717,0.09787912666797638,2019-06-10_22:56:29.877261,20190610225629
1,2,5,yes,0.024574652393838686,0.09676618923090007,0.03696962120011449,0.10798609629273415,2019-06-10_23:09:29.379289,20190610230929
1,2,5,yes,0.024244081713014135,0.09581564410932754,0.03776199218224396,0.10717008533802899,2019-06-10_23:09:37.981753,20190610230937
1,2,5,yes,0.025188208275817726,0.09899734391977913,0.037939405111087995,0.11995686997066844,2019-06-10_23:09:46.604672,20190610230946
1,2,6,yes,0.024230145861541753,0.09736538550963528,0.03552059206942266,0.10016206787391142,2019-06-11_00:02:50.834011,20190611000250
1,2,6,yes,0.023871756354837043,0.09865832573881275,0.035508772104301235,0.10951142995194955,2019-06-11_00:03:06.671032,20190611000306
1,2,6,yes,0.025178762459147134,0.1008709478927286,0.03604802997274832,0.1063007495620034,2019-06-11_00:03:23.094126,20190611000323
1,2,6,yes,0.024558276967390588,0.09567926863306447,0.03967904672026634,0.11642638492313298,2019-06-11_00:16:49.279568,20190611001649
1,2,6,yes,0.02471502434070173,0.09487578704168922,0.04065788435665044,0.13783142817291347,2019-06-11_00:16:49.279568,20190611001649
1,2,6,yes,0.024311976366382288,0.09693035914709694,0.03589434303681959,0.11534084108742801,2019-06-11_00:16:49.279568,20190611001649
1,2,6,yes,0.024827251174046022,0.09872517626928656,0.03802389604970813,0.11127504706382751,2019-06-11_00:16:49.279568,20190611001649
1,2,7,yes,0.023372042703589325,0.0957053360578261,0.030699680792167783,0.09858544814315709,2019-06-11_00:19:16.308169,20190611001916
1,2,7,yes,0.024474787023408634,0.09891098433811414,0.033802939684722914,0.10431492294777524,2019-06-11_00:19:32.005339,20190611001932
1,2,7,yes,0.023478534072637558,0.09479884832705322,0.033502244094217364,0.10817653651941907,2019-06-11_00:19:48.771092,20190611001948
1,2,9,yes,0.004634421641056083,0.0449635515675733,0.03997045721520077,0.10998375171964819,2019-06-11_00:43:00.594652,20190611004300
1,2,9,yes,0.0027387144221728177,0.03602996320512734,0.034641001373529434,0.10057158294049176,2019-06-11_00:45:16.625253,20190611004516
1,2,9,yes,0.0041869573773031955,0.04304376807259886,0.0400984026491642,0.11135396361351013,2019-06-11_00:47:40.290795,20190611004740
1,2,9,yes,0.004524602895406516,0.04487369125218768,0.03778243064880371,0.10794448852539062,2019-06-11_00:49:58.211326,20190611004958
1,2,9,yes,0.006888606747318255,0.05282448724304375,0.03947990760207176,0.11137678474187851,2019-06-11_00:52:27.286660,20190611005227
1,2,9,yes,0.003349694788553997,0.040863071715361195,0.03294889459555799,0.10243872078982266,2019-06-11_00:54:47.044536,20190611005447
1,2,9,yes,0.004121484625839481,0.04405854311036436,0.0342269204556942,0.09582097083330154,2019-06-11_00:57:05.972677,20190611005705
1,2,9,yes,0.0033751804638948095,0.03999551636608024,0.03323932737112045,0.09523825347423553,2019-06-11_00:59:24.197282,20190611005924
1,2,9,yes,0.004151579058778129,0.04306097907063208,0.036624934524297714,0.09890022873878479,2019-06-11_01:01:46.836140,20190611010146
1,2,9,yes,0.008154698748043494,0.05866988244417467,0.04103972017765045,0.10299641638994217,2019-06-11_01:04:08.994552,20190611010408
1,3,3,yes,0.02638009195461085,0.10124124968914609,0.03540397901087999,0.11311214789748192,2019-06-04_15:35:02.786955,20190604153502
1,3,3,yes,0.02638009195461085,0.10124124968914609,0.03540397901087999,0.11311214789748192,2019-06-04_15:35:02.786955,20190604153502
1,3,4,yes,0.005425897061726765,0.04967496583336278,0.044321563094854355,0.1079745963215828,2019-06-08_19:42:39.694219,20190608194239
1,3,4,yes,0.008346618579602555,0.054657783692604614,0.033291444182395935,0.0873936340212822,2019-06-08_19:44:52.029340,20190608194452
1,3,4,yes,0.007864919339159601,0.053752720591269045,0.03770782798528671,0.10167848318815231,2019-06-08_19:46:33.542042,20190608194633
1,3,4,yes,0.004796156854564814,0.045690856226965,0.03477657213807106,0.0959911048412323,2019-06-08_19:47:58.652015,20190608194758
1,3,4,yes,0.00926691019466441,0.05985241297044252,0.03678804669867863,0.0991432937708768,2019-06-08_19:49:22.916397,20190608194922
1,3,4,yes,0.00922410994228956,0.05893140494039184,0.028473136946558952,0.09307558089494705,2019-06-08_19:50:47.585733,20190608195047
1,3,4,yes,0.007364131451437348,0.055205778718778964,0.029571235179901123,0.0918213427066803,2019-06-08_19:52:10.329219,20190608195210
1,3,4,yes,0.007581081086965768,0.05458185333562525,0.03152524679899216,0.09259729832410812,2019-06-08_19:53:35.745554,20190608195335
1,3,4,yes,0.01441203794981304,0.07533754806377385,0.032920315861701965,0.08924469351768494,2019-06-08_19:55:00.618587,20190608195500
1,3,4,yes,0.008997621960741909,0.061409277194424676,0.034074340015649796,0.09486827254295349,2019-06-08_19:56:25.389403,20190608195625
1,3,5,yes,0.004197964394514106,0.04337731350801493,0.03516308218240738,0.10170307010412216,2019-06-10_22:56:36.412551,20190610225636
1,3,5,yes,0.02323837623637366,0.09570210378028844,0.06025541700761427,0.1540236080234701,2019-06-10_23:09:55.128753,20190610230955
1,3,7,yes,0.02941290062460068,0.10859405886577933,0.03808338626880537,0.11397461305287751,2019-06-11_00:20:05.637897,20190611002005
1,3,9,yes,0.006709873769432306,0.05231491256701319,0.034990791231393814,0.09616652131080627,2019-06-11_01:08:49.084689,20190611010849
1,3,9,yes,0.005855275413609649,0.0487734396598841,0.0362718440592289,0.0974997952580452,2019-06-11_01:11:11.156171,20190611011111
1,3,9,yes,0.007765976018517425,0.0564411638598693,0.041419852524995804,0.10774306952953339,2019-06-11_01:13:32.418346,20190611011332
1,3,9,yes,0.0056455810088664295,0.0470166804759126,0.040364526212215424,0.10829465836286545,2019-06-11_01:15:49.551581,20190611011549
1,3,9,yes,0.008945266561778752,0.06066486245315326,0.037188876420259476,0.11016807705163956,2019-06-11_01:18:30.197859,20190611011830
1,3,9,yes,0.006911190339413128,0.05260576709712807,0.04233482852578163,0.1071939691901207,2019-06-11_01:20:53.414668,20190611012053
1,3,9,yes,0.009206140109975088,0.059171580091903084,0.03287336602807045,0.09532046318054199,2019-06-11_01:23:15.383773,20190611012315
1,3,9,yes,0.0053554383817275885,0.04789519053148596,0.03334162384271622,0.08922640979290009,2019-06-11_01:25:41.531959,20190611012541
1,3,9,yes,0.009026060861192252,0.06004858122844445,0.03291265666484833,0.09712305665016174,2019-06-11_01:28:04.321672,20190611012804
1,3,9,yes,0.0073952824073402505,0.05393777313201051,0.03382205590605736,0.09383976459503174,2019-06-11_01:30:33.797197,20190611013033
1,4,3,yes,0.02602611885308043,0.10351479553470486,0.03365218304944309,0.10658464529974894,2019-06-04_15:35:32.871387,20190604153532
1,4,4,yes,0.00904358941326408,0.060986801040799996,0.029539335519075394,0.08990329504013062,2019-06-08_20:03:20.131272,20190608200320
1,4,4,yes,0.00611432246912859,0.05112058786969436,0.037806663662195206,0.10426419228315353,2019-06-08_20:04:55.858462,20190608200455
1,4,4,yes,0.005603629850635403,0.04845183803454826,0.03536470742388205,0.09560080685398796,2019-06-08_20:06:29.312562,20190608200629
1,4,4,yes,0.007748035790006581,0.05305009860741465,0.035656705498695374,0.10011927783489227,2019-06-08_20:08:03.640952,20190608200803
1,4,4,yes,0.006473505027641199,0.05169012332825284,0.036637403070926666,0.10184156894683838,2019-06-08_20:09:40.581072,20190608200940
1,4,4,yes,0.006641692489287571,0.051851474630989526,0.036338839679956436,0.09494414925575256,2019-06-08_20:11:15.317384,20190608201115
1,4,4,yes,0.006204351890636118,0.0516227325326518,0.0399046316742897,0.10451843589544296,2019-06-08_20:12:48.499483,20190608201248
1,4,4,yes,0.005997994846027148,0.04848669553665738,0.032497845590114594,0.09091643989086151,2019-06-08_20:14:23.800601,20190608201423
1,4,4,yes,0.007297084764822533,0.05483075664623788,0.03471888601779938,0.0968083068728447,2019-06-08_20:16:01.530055,20190608201601
1,4,4,yes,0.009207929214952807,0.05917149125353286,0.031194649636745453,0.09279307723045349,2019-06-08_20:17:38.345685,20190608201738
1,4,9,yes,0.007063922536020216,0.052067989503082474,0.034516897052526474,0.10254979133605957,2019-06-11_01:35:19.433409,20190611013519
1,4,9,yes,0.006286057131364942,0.050358745828270914,0.03920656070113182,0.10175678133964539,2019-06-11_01:37:42.817491,20190611013742
1,4,9,yes,0.00809828769660702,0.0564410671003555,0.034785138951106506,0.09837564419616353,2019-06-11_01:40:07.386516,20190611014007
1,4,9,yes,0.007201098687456627,0.055378529370615354,0.03284292329441418,0.09178814088756387,2019-06-11_01:42:30.724986,20190611014230
1,4,9,yes,0.010429125916408865,0.0635291101312951,0.04281363636255264,0.11313051730394363,2019-06-11_01:44:52.533497,20190611014452
1,4,9,yes,0.004707929347396681,0.044691800757458336,0.03830463066697121,0.10638308525085449,2019-06-11_01:47:16.388258,20190611014716
1,4,9,yes,0.009400001874095515,0.06045685918315461,0.0356099009513855,0.09955180436372757,2019-06-11_01:49:39.745837,20190611014939
1,4,9,yes,0.0059871233999729155,0.04968241974711418,0.0357842817902565,0.09403131157159805,2019-06-11_01:52:04.701748,20190611015204
1,4,9,yes,0.005803253418324809,0.047879807023625626,0.03734925761818886,0.09522344917058945,2019-06-11_01:54:33.029996,20190611015433
1,4,9,yes,0.007165439001676675,0.05580880024323338,0.041084904223680496,0.10988641530275345,2019-06-11_01:56:57.650186,20190611015657
1,5,1,yes,0.023145546842562526,0.09889397799576584,0.04078345745801926,0.11938196962529962,2019-05-29_23:15:02.842740,20190529231502
1,5,2,yes,0.022575055910764558,0.09836468355436075,0.04000709675760432,0.1032897217029875,2019-05-30_20:54:50.490475,20190530205450
1,5,2,yes,0.02256342397365523,0.09714719947231443,0.046315786090086804,0.1467504193159667,2019-05-30_20:55:05.434466,20190530205505
1,5,3,yes,0.024134723677937137,0.09844005617656205,0.03842189598997885,0.1250498342243108,2019-06-04_15:35:54.835994,20190604153554
1,5,4,yes,0.0028646183917053827,0.03598452165330711,0.030535010620951653,0.0956280454993248,2019-06-08_20:24:27.725753,20190608202427
1,5,4,yes,0.0033178547005120076,0.03828688496233602,0.03458878770470619,0.10766454041004181,2019-06-08_20:25:42.111213,20190608202542
1,5,4,yes,0.004220943356324967,0.04343504331221706,0.03312817080454393,0.10576292330568487,2019-06-08_20:26:58.022069,20190608202658
1,5,4,yes,0.0026166838483492796,0.03320285342633724,0.03480354696512222,0.10616800934076309,2019-06-08_20:28:15.744630,20190608202815
1,5,4,yes,0.004034224242020987,0.0412802714462343,0.030935199931263924,0.09469199180603027,2019-06-08_20:29:29.704427,20190608202929
1,5,4,yes,0.0028872337792754956,0.036101508375845456,0.03192427381873131,0.0980738177895546,2019-06-08_20:30:46.858949,20190608203046
1,5,4,yes,0.0028479091627033135,0.03638879182307344,0.029903976246714592,0.09770858287811279,2019-06-08_20:32:04.369110,20190608203204
1,5,4,yes,0.003207370800603377,0.038781158724113515,0.03609881177544594,0.10476800799369812,2019-06-08_20:33:16.524598,20190608203316
1,5,4,yes,0.0032716915869203055,0.037987468979860606,0.036604441702365875,0.10589322447776794,2019-06-08_20:34:28.475102,20190608203428
1,5,4,yes,0.0031368132852213947,0.03728686688761962,0.0363650880753994,0.10883378982543945,2019-06-08_20:35:39.967439,20190608203539
1,5,9,yes,0.002406137732568344,0.03333736592413564,0.033861193805933,0.10571707040071487,2019-06-11_02:01:54.290050,20190611020154
1,5,9,yes,0.0021789817347828496,0.031385716668477184,0.027589207515120506,0.0924239456653595,2019-06-11_02:03:47.172598,20190611020347
1,5,9,yes,0.002919505316592557,0.03623633227850261,0.030635464936494827,0.10385873913764954,2019-06-11_02:05:40.145844,20190611020540
1,5,9,yes,0.002098730247541282,0.03184792950357261,0.03208238733085719,0.09972681646997278,2019-06-11_02:07:32.160869,20190611020732
1,5,9,yes,0.0038151903580384036,0.040305268195898906,0.03388954428109256,0.09768904610113664,2019-06-11_02:09:24.049358,20190611020924
1,5,9,yes,0.002630977645687955,0.035753515382346356,0.03355737030506134,0.10042627155780792,2019-06-11_02:11:22.250178,20190611021122
1,5,9,yes,0.004759436924206583,0.044613414257764814,0.036052558571100235,0.11079487204551697,2019-06-11_02:13:21.705273,20190611021321
1,5,9,yes,0.0030677728955388855,0.03674063776668749,0.0359487421810627,0.10808484256267548,2019-06-11_02:15:14.911962,20190611021514
1,5,9,yes,0.0031276068546024984,0.03713044664381366,0.034354016184806824,0.10164099186658859,2019-06-11_02:17:07.205059,20190611021707
1,5,9,yes,0.003569039947500354,0.03918506512908559,0.029649293050169945,0.09843233227729797,2019-06-11_02:19:04.557149,20190611021904
1,6,3,yes,0.021886019042300944,0.09539107468567397,0.037188972304151816,0.11092970587990501,2019-06-04_15:36:15.037750,20190604153615
1,6,4,yes,0.005163869843818248,0.045478572970942446,0.03507450595498085,0.10564550757408142,2019-06-08_20:43:23.331543,20190608204323
1,6,4,yes,0.0028665380154148136,0.03561328476000773,0.03414968028664589,0.1014748066663742,2019-06-08_20:45:04.280534,20190608204504
1,6,4,yes,0.0038923423443185654,0.04092712443518011,0.03470052778720856,0.10164522379636765,2019-06-08_20:46:43.510758,20190608204643
1,6,4,yes,0.005152120606630648,0.04678193126854144,0.03510088101029396,0.11350145936012268,2019-06-08_20:48:18.158255,20190608204818
1,6,4,yes,0.005127121928442073,0.04174700791114255,0.029252981767058372,0.1065383031964302,2019-06-08_20:49:52.080962,20190608204952
1,6,4,yes,0.0037963824616254944,0.04155417819948573,0.03070181506601247,0.10495976832779971,2019-06-08_20:51:27.410424,20190608205127
1,6,4,yes,0.0032866418937613304,0.03708862109403861,0.031409647315740585,0.09515569359064102,2019-06-08_20:53:02.092079,20190608205302
1,6,4,yes,0.0035029561111801547,0.04025882002162306,0.026242287829518318,0.0884266197681427,2019-06-08_20:54:36.833052,20190608205436
1,6,4,yes,0.006205100731581058,0.048609029815385216,0.03850487619638443,0.10205590724945068,2019-06-08_20:56:11.382954,20190608205611
1,6,4,yes,0.0037080691955787572,0.03996508299912277,0.03573385626077652,0.1032935082912445,2019-06-08_20:57:48.279488,20190608205748
1,6,9,yes,0.003208541300907535,0.036779200158229,0.030796289443969727,0.09973148527470502,2019-06-11_02:22:57.132318,20190611022257
1,6,9,yes,0.003979493726633097,0.041590650575725654,0.03571675717830658,0.11577581614255905,2019-06-11_02:25:24.823193,20190611022524
1,6,9,yes,0.0034538531602409327,0.039999662653396,0.03611717000603676,0.10398160666227341,2019-06-11_02:27:55.840688,20190611022755
1,6,9,yes,0.0027779533172418414,0.0354470825901157,0.029779475182294846,0.09747899323701859,2019-06-11_02:30:24.741049,20190611023024
1,6,9,yes,0.004578719607946512,0.04321047789172122,0.029000068083405495,0.10197719931602478,2019-06-11_02:32:55.140448,20190611023255
1,6,9,yes,0.004276828962917391,0.041122035731218365,0.03719290345907211,0.11266112327575684,2019-06-11_02:35:25.763345,20190611023525
1,6,9,yes,0.006231182914129213,0.05005240171755615,0.025826724246144295,0.09580256789922714,2019-06-11_02:37:57.740967,20190611023757
1,6,9,yes,0.0041222771470385946,0.04411790741509513,0.037685465067625046,0.10959132015705109,2019-06-11_02:40:27.011024,20190611024027
1,6,9,yes,0.0036797710914949055,0.04001470051313701,0.03552738780325109,0.10421626608480107,2019-06-11_02:42:59.969973,20190611024259
1,6,9,yes,0.004849608481469515,0.04524533139835847,0.03418949246406555,0.10618801414966583,2019-06-11_02:45:28.044689,20190611024528
1,7,3,yes,0.025732943714645348,0.1023080594053394,0.03748969128355384,0.10737200487743724,2019-06-04_15:36:40.617039,20190604153640
1,7,4,yes,0.0026982247241233524,0.03476882551453615,0.03246697410941124,0.0976850688457489,2019-06-08_21:02:16.638518,20190608210216
1,7,4,yes,0.0023680749962008314,0.03306870146801597,0.03241932527585463,0.09729812903837724,2019-06-08_21:04:04.496182,20190608210404
1,7,4,yes,0.004729243404673118,0.046814989886785806,0.025395894423127174,0.09367562085390091,2019-06-08_21:05:48.778503,20190608210548
1,7,4,yes,0.004143123155900914,0.042798358849004695,0.03265393525362015,0.10133623331785202,2019-06-08_21:07:38.067643,20190608210738
1,7,4,yes,0.0038164741531210512,0.039882408200125945,0.04212246530435302,0.11622036316178062,2019-06-08_21:09:25.398759,20190608210925
1,7,4,yes,0.005052020476738873,0.045940419462950605,0.03845041245222092,0.11271470040082932,2019-06-08_21:11:09.669989,20190608211109
1,7,4,yes,0.0028892016981875426,0.03557656113254397,0.033933685245839035,0.09882956065914848,2019-06-08_21:12:54.511155,20190608211254
1,7,4,yes,0.004231194444735975,0.04430341069635592,0.032804831862449646,0.10066786408424377,2019-06-08_21:14:41.660513,20190608211441
1,7,4,yes,0.002884128301919095,0.035207612988980196,0.03150451962243427,0.09796022556044838,2019-06-08_21:16:27.790451,20190608211627
1,7,4,yes,0.002908512402178818,0.03767833062692692,0.03880389779806137,0.11148827522993088,2019-06-08_21:18:12.986637,20190608211812
1,7,9,yes,0.005316976799727663,0.047439573234633395,0.031091993674635887,0.10356716811656952,2019-06-11_02:50:31.649106,20190611025031
1,7,9,yes,0.005574745320911078,0.046703872123831196,0.03584835305809975,0.11434009671211243,2019-06-11_02:53:05.896164,20190611025305
1,7,9,yes,0.006298365831179054,0.05106782419116874,0.03874845430254936,0.11605574935674667,2019-06-11_02:55:36.288954,20190611025536
1,7,9,yes,0.0033786095648170693,0.03858678595800149,0.03471271050247279,0.10177359662272713,2019-06-11_02:58:26.197715,20190611025826
1,7,9,yes,0.0035111238383442947,0.03856523213417907,0.03822573274374008,0.10721130669116974,2019-06-11_03:01:00.595863,20190611030100
1,7,9,yes,0.008495165892925701,0.06059738338777893,0.03710651025176048,0.10869386047124863,2019-06-11_03:03:37.605066,20190611030337
1,7,9,yes,0.002747184217686912,0.03439498706475685,0.028710132464766502,0.10465225577354431,2019-06-11_03:06:13.117259,20190611030613
1,7,9,yes,0.0036415864701235764,0.040087487705444035,0.03181959316134453,0.10128645598888397,2019-06-11_03:08:50.655411,20190611030850
1,7,9,yes,0.003312927623598003,0.03767768425964996,0.03632483292709698,0.11792738193815405,2019-06-11_03:11:46.620696,20190611031146
1,7,9,yes,0.003367906529456377,0.03769333144943965,0.03534688055515289,0.10750439763069153,2019-06-11_03:14:35.930584,20190611031435
1,8,3,yes,0.026150841903137535,0.10130097256287147,0.04017476585100998,0.1199249466034499,2019-06-04_15:39:04.060444,20190604153904
1,8,4,yes,0.007538545389022482,0.0564222330717664,0.03439044579863548,0.10543210804462433,2019-06-08_21:25:32.654638,20190608212532
1,8,4,yes,0.010608841669990828,0.06729965507984162,0.03940509632229805,0.11476574093103409,2019-06-08_21:26:53.012987,20190608212653
1,8,4,yes,0.008756634428803074,0.060039054406316655,0.03731819614768028,0.10229849070310593,2019-06-08_21:28:15.431941,20190608212815
1,8,4,yes,0.009095020675541538,0.06300051190743321,0.039100516587495804,0.1092015951871872,2019-06-08_21:29:35.947721,20190608212935
1,8,4,yes,0.00990210504418141,0.06452134143757193,0.03064601021734151,0.09549955820495432,2019-06-08_21:30:57.726345,20190608213057
1,8,4,yes,0.012463790215061683,0.0677502856050667,0.03436383232474327,0.10374467074871063,2019-06-08_21:32:18.279235,20190608213218
1,8,4,yes,0.008856929196534972,0.059612697441326946,0.03692188486456871,0.10520539432764053,2019-06-08_21:33:40.842527,20190608213340
1,8,4,yes,0.010713030647878584,0.0655268305618512,0.032798148691654205,0.10634128749370575,2019-06-08_21:35:02.924187,20190608213502
1,8,4,yes,0.010122878849506379,0.06491063833236695,0.03547648340463638,0.10510912537574768,2019-06-08_21:36:18.857459,20190608213618
1,8,4,yes,0.012259692946252855,0.070363303391557,0.03727221996946768,0.1159771355715665,2019-06-08_21:37:54.052828,20190608213754
1,8,9,yes,0.008856810879354414,0.06064703999773452,0.030345039442181587,0.09282703697681427,2019-06-11_03:20:11.962691,20190611032011
1,8,9,yes,0.01402889405818362,0.07373079755588581,0.03308688476681709,0.0980701893568039,2019-06-11_03:22:13.266176,20190611032213
1,8,9,yes,0.008303333517458093,0.05946479953433338,0.03809325397014618,0.10896123200654984,2019-06-11_03:24:14.685478,20190611032414
1,8,9,yes,0.010141936754562745,0.06199634153591959,0.03853149712085724,0.10949487239122391,2019-06-11_03:26:16.987975,20190611032616
1,8,9,yes,0.007974488822449196,0.05949253096784416,0.031023086979985237,0.10447955131530762,2019-06-11_03:28:19.367075,20190611032819
1,8,9,yes,0.011891691683252392,0.07024030136434656,0.030526651069521904,0.09804282337427139,2019-06-11_03:30:22.168623,20190611033022
1,8,9,yes,0.011578386301468862,0.0687839426100254,0.027636468410491943,0.09854725003242493,2019-06-11_03:32:26.840429,20190611033226
1,8,9,yes,0.008483180153722826,0.06093689226790478,0.033297739923000336,0.09946880489587784,2019-06-11_03:34:29.734896,20190611033429
1,8,9,yes,0.010115653448002903,0.06624464314234885,0.037195637822151184,0.103673554956913,2019-06-11_03:36:33.285995,20190611033633
1,8,9,yes,0.012746538216934392,0.07186975514418201,0.02868376299738884,0.09596934914588928,2019-06-11_03:38:58.234563,20190611033858
1,9,3,yes,0.029821530903542514,0.11087660707141224,0.04651077515022321,0.13547210226004774,2019-06-04_15:30:32.815795,20190604153032
1,9,4,yes,0.019564032897745307,0.08911743250332381,0.03263828530907631,0.10423480719327927,2019-06-08_21:45:56.905080,20190608214556
1,9,4,yes,0.014218537362390442,0.07489537733950113,0.03170148283243179,0.1022525280714035,2019-06-08_21:48:02.022187,20190608214802
1,9,4,yes,0.012906886872492338,0.0733203296990771,0.03437254577875137,0.09937786310911179,2019-06-08_21:50:05.119403,20190608215005
1,9,4,yes,0.013125750422477721,0.07298122740497714,0.030218154191970825,0.09949647635221481,2019-06-08_21:51:53.527577,20190608215153
1,9,4,yes,0.01134592134897646,0.06559370420873165,0.033424976874481545,0.09934430163015019,2019-06-08_21:53:59.406723,20190608215359
1,9,4,yes,0.01601173627239309,0.07898540622309634,0.02977067418396473,0.09308565407991409,2019-06-08_21:56:03.359326,20190608215603
1,9,4,yes,0.014473907965676564,0.07353242061247951,0.036977849900722504,0.10375828295946121,2019-06-08_21:58:24.060969,20190608215824
1,9,4,yes,0.012886552522449118,0.07396320304588268,0.03873097591779449,0.11228831654245203,2019-06-08_22:00:35.619733,20190608220035
1,9,4,yes,0.012403895955924926,0.0703607472738153,0.02997415140271187,0.09627720713615417,2019-06-08_22:02:48.342321,20190608220248
1,9,4,yes,0.015386144365919265,0.08244085347181872,0.03325468674302101,0.10163907706737518,2019-06-08_22:04:56.730614,20190608220456
1,9,9,yes,0.013897251337766647,0.07383906017792852,0.038589563220739365,0.11882683634757996,2019-06-11_03:43:46.877722,20190611034346
1,9,9,yes,0.015755896284980208,0.07762325147264883,0.0340435728430748,0.10492205619812012,2019-06-11_03:46:49.985213,20190611034649
1,9,9,yes,0.009922830625682284,0.06407378237498434,0.029679862782359123,0.08917620778083801,2019-06-11_03:49:42.904149,20190611034942
1,9,9,yes,0.0154849646220866,0.07527278261749368,0.026799213141202927,0.096893310546875,2019-06-11_03:52:35.316881,20190611035235
1,9,9,yes,0.01365598959260081,0.07317579051381663,0.02979850582778454,0.0930255725979805,2019-06-11_03:55:26.379720,20190611035526
1,9,9,yes,0.009373659939554177,0.06490427596788657,0.032690562307834625,0.11131066828966141,2019-06-11_03:58:18.954785,20190611035818
1,9,9,yes,0.015115670457874474,0.07859737029985378,0.035932376980781555,0.10758780688047409,2019-06-11_04:01:12.441832,20190611040112
1,9,9,yes,0.014105397227563356,0.07625007445090695,0.03160926327109337,0.1026126891374588,2019-06-11_04:04:06.548942,20190611040406
1,9,9,yes,0.014346981144167091,0.07325229297735189,0.026227571070194244,0.09310651570558548,2019-06-11_04:07:00.216119,20190611040700
1,9,9,yes,0.014350546739603344,0.07587305719130917,0.03207017853856087,0.10604546219110489,2019-06-11_04:09:54.665336,20190611040954
1,10,3,yes,0.03128155168930167,0.11529070531067095,0.0504133863882585,0.14662126993591135,2019-06-04_15:39:55.470186,20190604153955
1,10,4,yes,0.013782726679193346,0.076077903454241,0.03708719766952775,0.11358944800767032,2019-06-08_22:40:52.984766,20190608224052
1,10,4,yes,0.014285667833725089,0.07713733723289089,0.030161522328853607,0.10163464397192001,2019-06-08_22:42:31.756760,20190608224231
1,10,4,yes,0.010591290949990876,0.06651639956000605,0.03656451031565666,0.10226898640394211,2019-06-08_22:44:13.856172,20190608224413
1,10,4,yes,0.01156446679348224,0.07056477689429333,0.036425888538360596,0.11914431303739548,2019-06-08_22:46:09.068916,20190608224609
1,10,4,yes,0.01253315215244105,0.07135764797659297,0.04508765786886215,0.1255141645669937,2019-06-08_22:47:57.791185,20190608224757
1,10,4,yes,0.010326147179952578,0.06721574224923786,0.026610104367136955,0.09175017476081848,2019-06-08_22:49:35.196572,20190608224935
1,10,4,yes,0.022726607619245585,0.09204491527849122,0.04768699035048485,0.13061155378818512,2019-06-08_22:51:30.499358,20190608225130
1,10,4,yes,0.010363552927676784,0.06483258146204446,0.032388389110565186,0.0979093536734581,2019-06-08_22:53:26.267142,20190608225326
1,10,4,yes,0.009768065033284458,0.06343442707469589,0.030298715457320213,0.10859541594982147,2019-06-08_22:55:22.378290,20190608225522
1,10,4,yes,0.014873741630856929,0.07775522901823646,0.035796009342778816,0.10959070379083807,2019-06-08_22:57:01.237726,20190608225701
1,10,9,yes,0.007727870489715746,0.05719043069372052,0.037616468627344475,0.10142610425298865,2019-06-11_18:16:37.943741,20190611181637
1,10,9,yes,0.010516021844293726,0.06741475525655244,0.029316512867808342,0.101069875061512,2019-06-11_18:17:43.867253,20190611181743
1,10,9,yes,0.014875685144215823,0.07696171053930333,0.027440834790468216,0.1000402644276619,2019-06-11_18:18:47.593579,20190611181847
1,10,9,yes,0.010478359948549615,0.06730064114457683,0.032927658408880234,0.10573212802410126,2019-06-11_18:19:50.094909,20190611181950
1,10,9,yes,0.011620216346100757,0.07030431134136099,0.03723303973674774,0.11261601746082306,2019-06-11_18:20:54.294670,20190611182054
1,10,9,yes,0.011615386066076002,0.07248754485657341,0.03833741322159767,0.12244746088981628,2019-06-11_18:21:56.799085,20190611182156
1,10,9,yes,0.01208617198526075,0.07288213507517388,0.03918565437197685,0.11572668701410294,2019-06-11_18:23:04.416172,20190611182304
1,10,9,yes,0.011852286957008275,0.0726863038775168,0.027956409379839897,0.11157548427581787,2019-06-11_18:24:12.820507,20190611182412
1,10,9,yes,0.007370371633748475,0.056015232460279216,0.03296403959393501,0.10522958636283875,2019-06-11_18:25:19.832129,20190611182519
1,10,9,yes,0.00845296515740062,0.0610498703231937,0.03400494158267975,0.11533667892217636,2019-06-11_18:26:25.424303,20190611182625
